country_iso3;ideology;flag_file;source_url;status;note
ALB;autokracie;ALB__autokracie.png;C:\RP\map_generator_godot\build_map\src\HOI4 Flags\ALB_neutrality.png;downloaded;local_folder_variant:HOI4 Flags|variant:neutrality|local_variant_primary
ALB;demokracie;ALB__demokracie.svg;C:\RP\map_generator_godot\build_map\src\opengs_export\Flags\ALB.svg;downloaded;democracy_from_base_set
ALB;fasismus;ALB__fasismus.png;C:\RP\map_generator_godot\build_map\src\HOI4 Flags\ALB_fascism.png;downloaded;local_folder_variant:HOI4 Flags|variant:fascism|local_variant_primary
ALB;komunismus;ALB__komunismus.png;C:\RP\map_generator_godot\build_map\src\HOI4 Flags\ALB_communism.png;downloaded;local_folder_variant:HOI4 Flags|variant:communism|local_variant_primary
ALB;kralovstvi;ALB__kralovstvi.png;C:\RP\map_generator_godot\build_map\src\HOI4 Flags\ALB_neutrality.png;downloaded;local_folder_variant:HOI4 Flags|variant:neutrality|local_duplicate_ok
ALB;nacismum;ALB__nacismum.svg;https://upload.wikimedia.org/wikipedia/commons/f/f0/Flag_of_Albania_%281939%E2%80%931943%29.svg;downloaded;wdqs_history_year:1939:1939-1943|alias_from:nacismus
ALB;nacismus;ALB__nacismus.png;C:\RP\map_generator_godot\build_map\src\HOI4 Flags\ALB_fascism.png;downloaded;local_folder_variant:HOI4 Flags|variant:fascism|local_duplicate_ok
ALB;royal;ALB__royal.svg;https://upload.wikimedia.org/wikipedia/commons/b/b0/Flag_of_Albania_%281914%E2%80%931920%29.svg;downloaded;wdqs_history_year:1880:1914-1920|alias_from:kralovstvi
AUT;autokracie;AUT__autokracie.png;C:\RP\map_generator_godot\build_map\src\HOI4 Flags\AUS_neutrality.png;downloaded;local_folder_variant:HOI4 Flags|variant:neutrality|tag_alias:AUT->AUS|local_variant_primary
AUT;demokracie;AUT__demokracie.svg;C:\RP\map_generator_godot\build_map\src\opengs_export\Flags\AUT.svg;downloaded;democracy_from_base_set
AUT;fasismus;AUT__fasismus.png;C:\RP\map_generator_godot\build_map\src\HOI4 Flags\AUS_fascism.png;downloaded;local_folder_variant:HOI4 Flags|variant:fascism|tag_alias:AUT->AUS|local_variant_primary
AUT;komunismus;AUT__komunismus.png;C:\RP\map_generator_godot\build_map\src\HOI4 Flags\AUS_communism.png;downloaded;local_folder_variant:HOI4 Flags|variant:communism|tag_alias:AUT->AUS|local_variant_primary
AUT;kralovstvi;AUT__kralovstvi.png;C:\RP\map_generator_godot\build_map\src\HOI4 Flags\AUS_neutrality.png;downloaded;local_folder_variant:HOI4 Flags|variant:neutrality|tag_alias:AUT->AUS|local_duplicate_ok
AUT;nacismum;AUT__nacismum.png;C:\RP\map_generator_godot\build_map\src\HOI4 Flags\AUS_fascism.png;downloaded;local_folder_variant:HOI4 Flags|variant:fascism|tag_alias:AUT->AUS|local_lowres_deferred|local_duplicate_ok|alias_from:nacismus
AUT;nacismus;AUT__nacismus.png;C:\RP\map_generator_godot\build_map\src\HOI4 Flags\AUS_fascism.png;downloaded;local_folder_variant:HOI4 Flags|variant:fascism|tag_alias:AUT->AUS|local_duplicate_ok
AUT;royal;AUT__royal.svg;https://upload.wikimedia.org/wikipedia/commons/4/41/Flag_of_Austria.svg;downloaded;wdqs_history_year:1880:1919-1938|alias_from:kralovstvi
BEL;autokracie;BEL__autokracie.png;C:\RP\map_generator_godot\build_map\src\HOI4 Flags\BEL_neutrality.png;downloaded;local_folder_variant:HOI4 Flags|variant:neutrality|local_variant_primary
BEL;demokracie;BEL__demokracie.svg;C:\RP\map_generator_godot\build_map\src\opengs_export\Flags\BEL.svg;downloaded;democracy_from_base_set
BEL;fasismus;BEL__fasismus.png;C:\RP\map_generator_godot\build_map\src\HOI4 Flags\BEL_fascism.png;downloaded;local_folder_variant:HOI4 Flags|variant:fascism|local_variant_primary
BEL;komunismus;BEL__komunismus.png;C:\RP\map_generator_godot\build_map\src\HOI4 Flags\BEL_communism.png;downloaded;local_folder_variant:HOI4 Flags|variant:communism|local_variant_primary
BEL;kralovstvi;BEL__kralovstvi.png;C:\RP\map_generator_godot\build_map\src\HOI4 Flags\BEL_neutrality.png;downloaded;local_folder_variant:HOI4 Flags|variant:neutrality|local_duplicate_ok
BEL;nacismum;BEL__nacismum.png;C:\RP\map_generator_godot\build_map\src\HOI4 Flags\BEL_fascism.png;downloaded;local_folder_variant:HOI4 Flags|variant:fascism|local_lowres_deferred|local_duplicate_ok|alias_from:nacismus
BEL;nacismus;BEL__nacismus.png;C:\RP\map_generator_godot\build_map\src\HOI4 Flags\BEL_fascism.png;downloaded;local_folder_variant:HOI4 Flags|variant:fascism|local_duplicate_ok
BEL;royal;BEL__royal.svg;https://upload.wikimedia.org/wikipedia/commons/6/65/Flag_of_Belgium.svg;downloaded;wdqs_history_year:1880:from_1831|fallback_relaxed_unique|alias_from:kralovstvi
BGR;autokracie;BGR__autokracie.svg;https://upload.wikimedia.org/wikipedia/commons/9/9a/Flag_of_Bulgaria.svg;downloaded;wdqs_history_year:1860:1879-1947
BGR;demokracie;BGR__demokracie.svg;C:\RP\map_generator_godot\build_map\src\opengs_export\Flags\BGR.svg;downloaded;democracy_from_base_set
BGR;fasismus;BGR__fasismus.svg;https://upload.wikimedia.org/wikipedia/commons/0/04/Flag_of_Bulgaria_%281948%E2%80%931967%29.svg;downloaded;wdqs_history_year:1937:1948-1968
BGR;komunismus;BGR__komunismus.svg;https://upload.wikimedia.org/wikipedia/commons/0/07/Flag_of_Bulgaria_%281971%E2%80%931990%29.svg;downloaded;wdqs_history_year:1975:1971-1990
BGR;kralovstvi;BGR__kralovstvi.svg;https://upload.wikimedia.org/wikipedia/commons/9/93/Flag_of_Bulgaria_%281946%E2%80%931948%29.svg;downloaded;wdqs_history_year:1880:1947-1948
BGR;nacismum;BGR__nacismum.svg;https://upload.wikimedia.org/wikipedia/commons/5/5f/Flag_of_Bulgaria_%281967%E2%80%931971%29.svg;downloaded;wdqs_history_year:1939:1968-1971|fallback_relaxed_unique|alias_from:nacismus
BGR;nacismus;BGR__nacismus.svg;https://upload.wikimedia.org/wikipedia/commons/5/5f/Flag_of_Bulgaria_%281967%E2%80%931971%29.svg;downloaded;wdqs_history_year:1939:1968-1971|fallback_relaxed_unique
BGR;royal;BGR__royal.svg;https://upload.wikimedia.org/wikipedia/commons/9/93/Flag_of_Bulgaria_%281946%E2%80%931948%29.svg;downloaded;wdqs_history_year:1880:1947-1948|alias_from:kralovstvi
BIH;autokracie;BIH__autokracie.svg;https://upload.wikimedia.org/wikipedia/commons/b/bf/Flag_of_Bosnia_and_Herzegovina.svg;downloaded;wdqs_history_year:1860:from_1998|fallback_relaxed_unique
BIH;demokracie;BIH__demokracie.svg;C:\RP\map_generator_godot\build_map\src\opengs_export\Flags\BIH.svg;downloaded;democracy_from_base_set
BIH;fasismus;BIH__fasismus.svg;https://upload.wikimedia.org/wikipedia/commons/b/bf/Flag_of_Bosnia_and_Herzegovina.svg;downloaded;wdqs_history_year:1937:from_1998|fallback_relaxed_duplicate
BIH;komunismus;BIH__komunismus.svg;https://upload.wikimedia.org/wikipedia/commons/b/bf/Flag_of_Bosnia_and_Herzegovina.svg;downloaded;wdqs_history_year:1975:from_1998|fallback_relaxed_duplicate
BIH;kralovstvi;BIH__kralovstvi.svg;https://upload.wikimedia.org/wikipedia/commons/3/35/Flag_of_Bosnia_and_Herzegovina_%281992%E2%80%931998%29.svg;downloaded;wdqs_history_year:1880:until_1998|fallback_relaxed_unique
BIH;nacismum;BIH__nacismum.svg;https://upload.wikimedia.org/wikipedia/commons/b/bf/Flag_of_Bosnia_and_Herzegovina.svg;downloaded;wdqs_history_year:1939:from_1998|fallback_relaxed_duplicate|alias_from:nacismus
BIH;nacismus;BIH__nacismus.svg;https://upload.wikimedia.org/wikipedia/commons/b/bf/Flag_of_Bosnia_and_Herzegovina.svg;downloaded;wdqs_history_year:1939:from_1998|fallback_relaxed_duplicate
BIH;royal;BIH__royal.svg;https://upload.wikimedia.org/wikipedia/commons/3/35/Flag_of_Bosnia_and_Herzegovina_%281992%E2%80%931998%29.svg;downloaded;wdqs_history_year:1880:until_1998|fallback_relaxed_unique|alias_from:kralovstvi
BLR;autokracie;BLR__autokracie.png;C:\RP\map_generator_godot\build_map\src\HOI4 Flags\BLR.png;downloaded;local_folder_variant:HOI4 Flags|local_variant_primary
BLR;demokracie;BLR__demokracie.svg;C:\RP\map_generator_godot\build_map\src\opengs_export\Flags\BLR.svg;downloaded;democracy_from_base_set
BLR;fasismus;BLR__fasismus.png;C:\RP\map_generator_godot\build_map\src\HOI4 Flags\BLR_fascism.png;downloaded;local_folder_variant:HOI4 Flags|variant:fascism|local_variant_primary
BLR;komunismus;BLR__komunismus.png;C:\RP\map_generator_godot\build_map\src\HOI4 Flags\BLR_communism.png;downloaded;local_folder_variant:HOI4 Flags|variant:communism|local_variant_primary
BLR;kralovstvi;BLR__kralovstvi.png;C:\RP\map_generator_godot\build_map\src\HOI4 Flags\BLR.png;downloaded;local_folder_variant:HOI4 Flags|local_duplicate_ok
BLR;nacismum;BLR__nacismum.svg;https://upload.wikimedia.org/wikipedia/commons/d/d5/Flag_of_the_Byelorussian_Soviet_Socialist_Republic_%281951%E2%80%931991%29.svg;downloaded;wdqs_history_year:1939:1951-1991|alias_from:nacismus
BLR;nacismus;BLR__nacismus.png;C:\RP\map_generator_godot\build_map\src\HOI4 Flags\BLR_fascism.png;downloaded;local_folder_variant:HOI4 Flags|variant:fascism|local_duplicate_ok
BLR;royal;BLR__royal.svg;https://upload.wikimedia.org/wikipedia/commons/1/15/Flag_of_the_Byelorussian_Soviet_Socialist_Republic_%281927%E2%80%931937%29.svg;downloaded;wdqs_history_year:1880:1927-1937|alias_from:kralovstvi
CHE;autokracie;CHE__autokracie.png;C:\RP\map_generator_godot\build_map\src\VIC2 Flags\CHE_monarchy.png;downloaded;local_folder_variant:VIC2 Flags|variant:monarchy|local_variant_primary
CHE;demokracie;CHE__demokracie.svg;C:\RP\map_generator_godot\build_map\src\opengs_export\Flags\CHE.svg;downloaded;democracy_from_base_set
CHE;fasismus;CHE__fasismus.png;C:\RP\map_generator_godot\build_map\src\VIC2 Flags\CHE_fascist.png;downloaded;local_folder_variant:VIC2 Flags|variant:fascist|local_variant_primary
CHE;komunismus;CHE__komunismus.png;C:\RP\map_generator_godot\build_map\src\VIC2 Flags\CHE_communist.png;downloaded;local_folder_variant:VIC2 Flags|variant:communist|local_variant_primary
CHE;kralovstvi;CHE__kralovstvi.png;C:\RP\map_generator_godot\build_map\src\VIC2 Flags\CHE_monarchy.png;downloaded;local_folder_variant:VIC2 Flags|variant:monarchy|local_duplicate_ok
CHE;nacismum;CHE__nacismum.svg;https://upload.wikimedia.org/wikipedia/commons/9/92/Civil_Ensign_of_Switzerland_%28Pantone%29.svg;downloaded;wdqs_history_year:1939:undated|fallback_relaxed_unique|alias_from:nacismus
CHE;nacismus;CHE__nacismus.png;C:\RP\map_generator_godot\build_map\src\VIC2 Flags\CHE_fascist.png;downloaded;local_folder_variant:VIC2 Flags|variant:fascist|local_duplicate_ok
CHE;royal;CHE__royal.svg;https://upload.wikimedia.org/wikipedia/commons/0/08/Flag_of_Switzerland_%28Pantone%29.svg;downloaded;wdqs_history_year:1880:from_1889|alias_from:kralovstvi
CYP;autokracie;CYP__autokracie.png;C:\RP\map_generator_godot\build_map\src\VIC2 Flags\CYP_monarchy.png;downloaded;local_folder_variant:VIC2 Flags|variant:monarchy|local_variant_primary
CYP;demokracie;CYP__demokracie.svg;C:\RP\map_generator_godot\build_map\src\opengs_export\Flags\CYP.svg;downloaded;democracy_from_base_set
CYP;fasismus;CYP__fasismus.png;C:\RP\map_generator_godot\build_map\src\VIC2 Flags\CYP_fascist.png;downloaded;local_folder_variant:VIC2 Flags|variant:fascist|local_variant_primary
CYP;komunismus;CYP__komunismus.png;C:\RP\map_generator_godot\build_map\src\VIC2 Flags\CYP_communist.png;downloaded;local_folder_variant:VIC2 Flags|variant:communist|local_variant_primary
CYP;kralovstvi;CYP__kralovstvi.png;C:\RP\map_generator_godot\build_map\src\VIC2 Flags\CYP_monarchy.png;downloaded;local_folder_variant:VIC2 Flags|variant:monarchy|local_duplicate_ok
CYP;nacismum;CYP__nacismum.png;C:\RP\map_generator_godot\build_map\src\VIC2 Flags\CYP_fascist.png;downloaded;local_folder_variant:VIC2 Flags|variant:fascist|local_lowres_deferred|fallback_lowres_local|alias_from:nacismus
CYP;nacismus;CYP__nacismus.png;C:\RP\map_generator_godot\build_map\src\VIC2 Flags\CYP_fascist.png;downloaded;local_folder_variant:VIC2 Flags|variant:fascist|local_duplicate_ok
CYP;royal;CYP__royal.svg;https://upload.wikimedia.org/wikipedia/commons/5/56/Flag_of_Cyprus_%281960%E2%80%932006%29.svg;downloaded;wdqs_history_year:1880:1960-2006|alias_from:kralovstvi
CZE;autokracie;CZE__autokracie.png;C:\RP\map_generator_godot\build_map\src\HOI4 Flags\CZE_neutrality.png;downloaded;local_folder_variant:HOI4 Flags|variant:neutrality|local_variant_primary
CZE;demokracie;CZE__demokracie.svg;C:\RP\map_generator_godot\build_map\src\opengs_export\Flags\CZE.svg;downloaded;democracy_from_base_set
CZE;fasismus;CZE__fasismus.png;C:\RP\map_generator_godot\build_map\src\HOI4 Flags\CZE_fascism.png;downloaded;local_folder_variant:HOI4 Flags|variant:fascism|local_variant_primary
CZE;komunismus;CZE__komunismus.png;C:\RP\map_generator_godot\build_map\src\HOI4 Flags\CZE_communism.png;downloaded;local_folder_variant:HOI4 Flags|variant:communism|local_variant_primary
CZE;kralovstvi;CZE__kralovstvi.png;C:\RP\map_generator_godot\build_map\src\HOI4 Flags\CZE_neutrality.png;downloaded;local_folder_variant:HOI4 Flags|variant:neutrality|local_duplicate_ok
CZE;nacismum;CZE__nacismum.png;C:\RP\map_generator_godot\build_map\src\HOI4 Flags\CZE_fascism.png;downloaded;local_folder_variant:HOI4 Flags|variant:fascism|local_lowres_deferred|fallback_lowres_local|alias_from:nacismus
CZE;nacismus;CZE__nacismus.png;C:\RP\map_generator_godot\build_map\src\HOI4 Flags\CZE_fascism.png;downloaded;local_folder_variant:HOI4 Flags|variant:fascism|local_duplicate_ok
CZE;royal;CZE__royal.svg;https://upload.wikimedia.org/wikipedia/commons/c/cb/Flag_of_the_Czech_Republic.svg;downloaded;wdqs_history_year:1880:from_1920|alias_from:kralovstvi
DEU;autokracie;DEU__autokracie.png;C:\RP\map_generator_godot\build_map\src\HOI4 Flags\GER_neutrality.png;downloaded;local_folder_variant:HOI4 Flags|variant:neutrality|tag_alias:DEU->GER|local_variant_primary
DEU;demokracie;DEU__demokracie.svg;C:\RP\map_generator_godot\build_map\src\opengs_export\Flags\DEU.svg;downloaded;democracy_from_base_set
DEU;fasismus;DEU__fasismus.png;C:\RP\map_generator_godot\build_map\src\HOI4 Flags\GER_fascism.png;downloaded;local_folder_variant:HOI4 Flags|variant:fascism|tag_alias:DEU->GER|local_variant_primary
DEU;komunismus;DEU__komunismus.png;C:\RP\map_generator_godot\build_map\src\HOI4 Flags\GER_communism.png;downloaded;local_folder_variant:HOI4 Flags|variant:communism|tag_alias:DEU->GER|local_variant_primary
DEU;kralovstvi;DEU__kralovstvi.png;C:\RP\map_generator_godot\build_map\src\HOI4 Flags\GER_neutrality.png;downloaded;local_folder_variant:HOI4 Flags|variant:neutrality|tag_alias:DEU->GER|local_duplicate_ok
DEU;nacismum;DEU__nacismum.svg;https://upload.wikimedia.org/wikipedia/commons/b/ba/Flag_of_Germany.svg;downloaded;wdqs_history_year:1939:from_1949|alias_from:nacismus
DEU;nacismus;DEU__nacismus.png;C:\RP\map_generator_godot\build_map\src\HOI4 Flags\GER_fascism.png;downloaded;local_folder_variant:HOI4 Flags|variant:fascism|tag_alias:DEU->GER|local_duplicate_ok
DEU;royal;DEU__royal.svg;https://upload.wikimedia.org/wikipedia/commons/2/21/Flag_of_Germany_%283-2%29.svg;downloaded;wdqs_history_year:1880:1919-1933|alias_from:kralovstvi
DNK;autokracie;DNK__autokracie.png;C:\RP\map_generator_godot\build_map\src\HOI4 Flags\DEN_neutrality.png;downloaded;local_folder_variant:HOI4 Flags|variant:neutrality|tag_alias:DNK->DEN|local_variant_primary
DNK;demokracie;DNK__demokracie.svg;C:\RP\map_generator_godot\build_map\src\opengs_export\Flags\DNK.svg;downloaded;democracy_from_base_set
DNK;fasismus;DNK__fasismus.png;C:\RP\map_generator_godot\build_map\src\HOI4 Flags\DEN_fascism.png;downloaded;local_folder_variant:HOI4 Flags|variant:fascism|tag_alias:DNK->DEN|local_variant_primary
DNK;komunismus;DNK__komunismus.png;C:\RP\map_generator_godot\build_map\src\HOI4 Flags\DEN_communism.png;downloaded;local_folder_variant:HOI4 Flags|variant:communism|tag_alias:DNK->DEN|local_variant_primary
DNK;kralovstvi;DNK__kralovstvi.png;C:\RP\map_generator_godot\build_map\src\HOI4 Flags\DEN_neutrality.png;downloaded;local_folder_variant:HOI4 Flags|variant:neutrality|tag_alias:DNK->DEN|local_duplicate_ok
DNK;nacismum;DNK__nacismum.png;C:\RP\map_generator_godot\build_map\src\HOI4 Flags\DEN_fascism.png;downloaded;local_folder_variant:HOI4 Flags|variant:fascism|tag_alias:DNK->DEN|local_lowres_deferred|local_duplicate_ok|alias_from:nacismus
DNK;nacismus;DNK__nacismus.png;C:\RP\map_generator_godot\build_map\src\HOI4 Flags\DEN_fascism.png;downloaded;local_folder_variant:HOI4 Flags|variant:fascism|tag_alias:DNK->DEN|local_duplicate_ok
DNK;royal;DNK__royal.png;C:\RP\map_generator_godot\build_map\src\HOI4 Flags\DEN_neutrality.png;downloaded;local_folder_variant:HOI4 Flags|variant:neutrality|tag_alias:DNK->DEN|local_lowres_deferred|fallback_lowres_local|alias_from:kralovstvi
ESP;autokracie;ESP__autokracie.png;C:\RP\map_generator_godot\build_map\src\HOI4 Flags\SPA_neutrality.png;downloaded;local_folder_variant:HOI4 Flags|variant:neutrality|tag_alias:ESP->SPA|local_variant_primary
ESP;demokracie;ESP__demokracie.svg;C:\RP\map_generator_godot\build_map\src\opengs_export\Flags\ESP.svg;downloaded;democracy_from_base_set
ESP;fasismus;ESP__fasismus.png;C:\RP\map_generator_godot\build_map\src\HOI4 Flags\SPA_fascism.png;downloaded;local_folder_variant:HOI4 Flags|variant:fascism|tag_alias:ESP->SPA|local_variant_primary
ESP;komunismus;ESP__komunismus.png;C:\RP\map_generator_godot\build_map\src\HOI4 Flags\SPA_communism.png;downloaded;local_folder_variant:HOI4 Flags|variant:communism|tag_alias:ESP->SPA|local_variant_primary
ESP;kralovstvi;ESP__kralovstvi.png;C:\RP\map_generator_godot\build_map\src\HOI4 Flags\SPA_neutrality.png;downloaded;local_folder_variant:HOI4 Flags|variant:neutrality|tag_alias:ESP->SPA|local_duplicate_ok
ESP;nacismum;ESP__nacismum.png;C:\RP\map_generator_godot\build_map\src\HOI4 Flags\SPA_fascism.png;downloaded;wdqs_history_year:1939:1931-1939|fallback_local_after_error|download_error:Download failed after retries: HTTP Error 429: Too many requests - please contact noc@wikimedia.org to discuss a less disruptive approach or instead use thumbnail images in sizes listed on https://w.wiki/GHai. (0c640b1)|alias_from:nacismus
ESP;nacismus;ESP__nacismus.png;C:\RP\map_generator_godot\build_map\src\HOI4 Flags\SPA_fascism.png;downloaded;local_folder_variant:HOI4 Flags|variant:fascism|tag_alias:ESP->SPA|local_duplicate_ok
ESP;royal;ESP__royal.svg;https://upload.wikimedia.org/wikipedia/commons/7/71/Flag_of_the_First_Spanish_Republic.svg;downloaded;wdqs_history_year:1880:1873-1874|alias_from:kralovstvi
EST;autokracie;EST__autokracie.png;C:\RP\map_generator_godot\build_map\src\HOI4 Flags\EST_neutrality.png;downloaded;local_folder_variant:HOI4 Flags|variant:neutrality|local_variant_primary
EST;demokracie;EST__demokracie.svg;C:\RP\map_generator_godot\build_map\src\opengs_export\Flags\EST.svg;downloaded;democracy_from_base_set
EST;fasismus;EST__fasismus.png;C:\RP\map_generator_godot\build_map\src\HOI4 Flags\EST_fascism.png;downloaded;local_folder_variant:HOI4 Flags|variant:fascism|local_variant_primary
EST;komunismus;EST__komunismus.png;C:\RP\map_generator_godot\build_map\src\HOI4 Flags\EST_communism.png;downloaded;local_folder_variant:HOI4 Flags|variant:communism|local_variant_primary
EST;kralovstvi;EST__kralovstvi.png;C:\RP\map_generator_godot\build_map\src\HOI4 Flags\EST_neutrality.png;downloaded;local_folder_variant:HOI4 Flags|variant:neutrality|local_duplicate_ok
EST;nacismum;EST__nacismum.png;C:\RP\map_generator_godot\build_map\src\HOI4 Flags\EST_fascism.png;downloaded;local_folder_variant:HOI4 Flags|variant:fascism|local_lowres_deferred|local_duplicate_ok|alias_from:nacismus
EST;nacismus;EST__nacismus.png;C:\RP\map_generator_godot\build_map\src\HOI4 Flags\EST_fascism.png;downloaded;local_folder_variant:HOI4 Flags|variant:fascism|local_duplicate_ok
EST;royal;EST__royal.png;C:\RP\map_generator_godot\build_map\src\HOI4 Flags\EST_neutrality.png;downloaded;local_folder_variant:HOI4 Flags|variant:neutrality|local_lowres_deferred|fallback_lowres_local|alias_from:kralovstvi
FIN;autokracie;FIN__autokracie.png;C:\RP\map_generator_godot\build_map\src\HOI4 Flags\FIN_neutrality.png;downloaded;local_folder_variant:HOI4 Flags|variant:neutrality|local_variant_primary
FIN;demokracie;FIN__demokracie.svg;C:\RP\map_generator_godot\build_map\src\opengs_export\Flags\FIN.svg;downloaded;democracy_from_base_set
FIN;fasismus;FIN__fasismus.png;C:\RP\map_generator_godot\build_map\src\HOI4 Flags\FIN_fascism.png;downloaded;local_folder_variant:HOI4 Flags|variant:fascism|local_variant_primary
FIN;komunismus;FIN__komunismus.png;C:\RP\map_generator_godot\build_map\src\HOI4 Flags\FIN_communism.png;downloaded;local_folder_variant:HOI4 Flags|variant:communism|local_variant_primary
FIN;kralovstvi;FIN__kralovstvi.png;C:\RP\map_generator_godot\build_map\src\HOI4 Flags\FIN_neutrality.png;downloaded;local_folder_variant:HOI4 Flags|variant:neutrality|local_duplicate_ok
FIN;nacismum;FIN__nacismum.png;C:\RP\map_generator_godot\build_map\src\HOI4 Flags\FIN_fascism.png;downloaded;local_folder_variant:HOI4 Flags|variant:fascism|local_lowres_deferred|local_duplicate_ok|alias_from:nacismus
FIN;nacismus;FIN__nacismus.png;C:\RP\map_generator_godot\build_map\src\HOI4 Flags\FIN_fascism.png;downloaded;local_folder_variant:HOI4 Flags|variant:fascism|local_duplicate_ok
FIN;royal;FIN__royal.png;C:\RP\map_generator_godot\build_map\src\HOI4 Flags\FIN_neutrality.png;downloaded;local_folder_variant:HOI4 Flags|variant:neutrality|local_lowres_deferred|fallback_lowres_local|alias_from:kralovstvi
FRA;autokracie;FRA__autokracie.png;C:\RP\map_generator_godot\build_map\src\HOI4 Flags\FRA_neutrality.png;downloaded;local_folder_variant:HOI4 Flags|variant:neutrality|local_variant_primary
FRA;demokracie;FRA__demokracie.svg;C:\RP\map_generator_godot\build_map\src\opengs_export\Flags\FRA.svg;downloaded;democracy_from_base_set
FRA;fasismus;FRA__fasismus.png;C:\RP\map_generator_godot\build_map\src\HOI4 Flags\FRA_fascism.png;downloaded;local_folder_variant:HOI4 Flags|variant:fascism|local_variant_primary
FRA;komunismus;FRA__komunismus.png;C:\RP\map_generator_godot\build_map\src\HOI4 Flags\FRA_communism.png;downloaded;local_folder_variant:HOI4 Flags|variant:communism|local_variant_primary
FRA;kralovstvi;FRA__kralovstvi.png;C:\RP\map_generator_godot\build_map\src\HOI4 Flags\FRA_neutrality.png;downloaded;local_folder_variant:HOI4 Flags|variant:neutrality|local_duplicate_ok
FRA;nacismum;FRA__nacismum.png;C:\RP\map_generator_godot\build_map\src\HOI4 Flags\FRA_fascism.png;downloaded;wdqs_history_year:1939:1958-1974|fallback_relaxed_unique|fallback_local_after_error|download_error:Download failed after retries: HTTP Error 429: Too many requests - please contact noc@wikimedia.org to discuss a less disruptive approach or instead use thumbnail images in sizes listed on https://w.wiki/GHai. (0c640b1)|alias_from:nacismus
FRA;nacismus;FRA__nacismus.png;C:\RP\map_generator_godot\build_map\src\HOI4 Flags\FRA_fascism.png;downloaded;local_folder_variant:HOI4 Flags|variant:fascism|local_duplicate_ok
FRA;royal;FRA__royal.png;C:\RP\map_generator_godot\build_map\src\HOI4 Flags\FRA_neutrality.png;downloaded;wdqs_history_year:1880:1815-1830|fallback_local_after_error|download_error:Download failed after retries: HTTP Error 429: Too many requests - please contact noc@wikimedia.org to discuss a less disruptive approach or instead use thumbnail images in sizes listed on https://w.wiki/GHai. (0c640b1)|alias_from:kralovstvi
GBR;autokracie;GBR__autokracie.png;C:\RP\map_generator_godot\build_map\src\HOI4 Flags\ENG_neutrality.png;downloaded;local_folder_variant:HOI4 Flags|variant:neutrality|tag_alias:GBR->ENG|local_variant_primary
GBR;demokracie;GBR__demokracie.svg;C:\RP\map_generator_godot\build_map\src\opengs_export\Flags\GBR.svg;downloaded;democracy_from_base_set
GBR;fasismus;GBR__fasismus.png;C:\RP\map_generator_godot\build_map\src\HOI4 Flags\ENG_fascism.png;downloaded;local_folder_variant:HOI4 Flags|variant:fascism|tag_alias:GBR->ENG|local_variant_primary
GBR;komunismus;GBR__komunismus.png;C:\RP\map_generator_godot\build_map\src\HOI4 Flags\ENG_communism.png;downloaded;local_folder_variant:HOI4 Flags|variant:communism|tag_alias:GBR->ENG|local_variant_primary
GBR;kralovstvi;GBR__kralovstvi.png;C:\RP\map_generator_godot\build_map\src\HOI4 Flags\ENG_neutrality.png;downloaded;local_folder_variant:HOI4 Flags|variant:neutrality|tag_alias:GBR->ENG|local_duplicate_ok
GBR;nacismum;GBR__nacismum.png;C:\RP\map_generator_godot\build_map\src\HOI4 Flags\ENG_fascism.png;downloaded;local_folder_variant:HOI4 Flags|variant:fascism|tag_alias:GBR->ENG|local_lowres_deferred|local_duplicate_ok|alias_from:nacismus
GBR;nacismus;GBR__nacismus.png;C:\RP\map_generator_godot\build_map\src\HOI4 Flags\ENG_fascism.png;downloaded;local_folder_variant:HOI4 Flags|variant:fascism|tag_alias:GBR->ENG|local_duplicate_ok
GBR;royal;GBR__royal.svg;https://upload.wikimedia.org/wikipedia/commons/8/83/Flag_of_the_United_Kingdom_%283-5%29.svg;downloaded;wdqs_history_year:1880:undated|fallback_relaxed_unique|alias_from:kralovstvi
GEO;autokracie;GEO__autokracie.png;C:\RP\map_generator_godot\build_map\src\VIC2 Flags\GEO_monarchy.png;downloaded;local_folder_variant:VIC2 Flags|variant:monarchy|local_variant_primary
GEO;demokracie;GEO__demokracie.svg;C:\RP\map_generator_godot\build_map\src\opengs_export\Flags\GEO.svg;downloaded;democracy_from_base_set
GEO;fasismus;GEO__fasismus.png;C:\RP\map_generator_godot\build_map\src\HOI4 Flags\GEO_fascism.png;downloaded;local_folder_variant:HOI4 Flags|variant:fascism|local_variant_primary
GEO;komunismus;GEO__komunismus.png;C:\RP\map_generator_godot\build_map\src\HOI4 Flags\GEO_communism.png;downloaded;local_folder_variant:HOI4 Flags|variant:communism|local_variant_primary
GEO;kralovstvi;GEO__kralovstvi.png;C:\RP\map_generator_godot\build_map\src\VIC2 Flags\GEO_monarchy.png;downloaded;local_folder_variant:VIC2 Flags|variant:monarchy|local_duplicate_ok
GEO;nacismum;GEO__nacismum.png;C:\RP\map_generator_godot\build_map\src\HOI4 Flags\GEO_fascism.png;downloaded;local_folder_variant:HOI4 Flags|variant:fascism|local_lowres_deferred|local_duplicate_ok|alias_from:nacismus
GEO;nacismus;GEO__nacismus.png;C:\RP\map_generator_godot\build_map\src\HOI4 Flags\GEO_fascism.png;downloaded;local_folder_variant:HOI4 Flags|variant:fascism|local_duplicate_ok
GEO;royal;GEO__royal.svg;https://upload.wikimedia.org/wikipedia/commons/0/0f/Flag_of_Georgia.svg;downloaded;wdqs_history_year:1880:from_2004|alias_from:kralovstvi
GRC;autokracie;GRC__autokracie.png;C:\RP\map_generator_godot\build_map\src\HOI4 Flags\GRE_neutrality.png;downloaded;local_folder_variant:HOI4 Flags|variant:neutrality|tag_alias:GRC->GRE|local_variant_primary
GRC;demokracie;GRC__demokracie.svg;C:\RP\map_generator_godot\build_map\src\opengs_export\Flags\GRC.svg;downloaded;democracy_from_base_set
GRC;fasismus;GRC__fasismus.png;C:\RP\map_generator_godot\build_map\src\HOI4 Flags\GRE_fascism.png;downloaded;local_folder_variant:HOI4 Flags|variant:fascism|tag_alias:GRC->GRE|local_variant_primary
GRC;komunismus;GRC__komunismus.png;C:\RP\map_generator_godot\build_map\src\HOI4 Flags\GRE_communism.png;downloaded;local_folder_variant:HOI4 Flags|variant:communism|tag_alias:GRC->GRE|local_variant_primary
GRC;kralovstvi;GRC__kralovstvi.png;C:\RP\map_generator_godot\build_map\src\HOI4 Flags\GRE_neutrality.png;downloaded;local_folder_variant:HOI4 Flags|variant:neutrality|tag_alias:GRC->GRE|local_duplicate_ok
GRC;nacismum;GRC__nacismum.png;C:\RP\map_generator_godot\build_map\src\HOI4 Flags\GRE_fascism.png;downloaded;wdqs_history_year:1939:1822-1978|fallback_local_after_error|download_error:Download failed after retries: HTTP Error 429: Too many requests - please contact noc@wikimedia.org to discuss a less disruptive approach or instead use thumbnail images in sizes listed on https://w.wiki/GHai. (0c640b1)|alias_from:nacismus
GRC;nacismus;GRC__nacismus.png;C:\RP\map_generator_godot\build_map\src\HOI4 Flags\GRE_fascism.png;downloaded;local_folder_variant:HOI4 Flags|variant:fascism|tag_alias:GRC->GRE|local_duplicate_ok
GRC;royal;GRC__royal.png;C:\RP\map_generator_godot\build_map\src\HOI4 Flags\GRE_neutrality.png;downloaded;wdqs_history_year:1880:1822-1978|fallback_local_after_error|download_error:Download failed after retries: HTTP Error 429: Too many requests - please contact noc@wikimedia.org to discuss a less disruptive approach or instead use thumbnail images in sizes listed on https://w.wiki/GHai. (0c640b1)|alias_from:kralovstvi
HRV;autokracie;HRV__autokracie.png;C:\RP\map_generator_godot\build_map\src\HOI4 Flags\CRO_neutrality.png;downloaded;local_folder_variant:HOI4 Flags|variant:neutrality|tag_alias:HRV->CRO|local_variant_primary
HRV;demokracie;HRV__demokracie.svg;C:\RP\map_generator_godot\build_map\src\opengs_export\Flags\HRV.svg;downloaded;democracy_from_base_set
HRV;fasismus;HRV__fasismus.png;C:\RP\map_generator_godot\build_map\src\HOI4 Flags\CRO_fascism.png;downloaded;local_folder_variant:HOI4 Flags|variant:fascism|tag_alias:HRV->CRO|local_variant_primary
HRV;komunismus;HRV__komunismus.png;C:\RP\map_generator_godot\build_map\src\HOI4 Flags\CRO_communism.png;downloaded;local_folder_variant:HOI4 Flags|variant:communism|tag_alias:HRV->CRO|local_variant_primary
HRV;kralovstvi;HRV__kralovstvi.png;C:\RP\map_generator_godot\build_map\src\HOI4 Flags\CRO_neutrality.png;downloaded;local_folder_variant:HOI4 Flags|variant:neutrality|tag_alias:HRV->CRO|local_duplicate_ok
HRV;nacismum;HRV__nacismum.png;C:\RP\map_generator_godot\build_map\src\HOI4 Flags\CRO_fascism.png;downloaded;wdqs_history_year:1939:1990-1990|fallback_relaxed_unique|fallback_local_after_error|download_error:Download failed after retries: HTTP Error 429: Too many requests - please contact noc@wikimedia.org to discuss a less disruptive approach or instead use thumbnail images in sizes listed on https://w.wiki/GHai. (0c640b1)|alias_from:nacismus
HRV;nacismus;HRV__nacismus.png;C:\RP\map_generator_godot\build_map\src\HOI4 Flags\CRO_fascism.png;downloaded;local_folder_variant:HOI4 Flags|variant:fascism|tag_alias:HRV->CRO|local_duplicate_ok
HRV;royal;HRV__royal.png;C:\RP\map_generator_godot\build_map\src\HOI4 Flags\CRO_neutrality.png;downloaded;wdqs_history_year:1880:1990-1990|fallback_local_after_error|download_error:Download failed after retries: HTTP Error 429: Too many requests - please contact noc@wikimedia.org to discuss a less disruptive approach or instead use thumbnail images in sizes listed on https://w.wiki/GHai. (0c640b1)|alias_from:kralovstvi
HUN;autokracie;HUN__autokracie.png;C:\RP\map_generator_godot\build_map\src\HOI4 Flags\HUN_neutrality.png;downloaded;local_folder_variant:HOI4 Flags|variant:neutrality|local_variant_primary
HUN;demokracie;HUN__demokracie.svg;C:\RP\map_generator_godot\build_map\src\opengs_export\Flags\HUN.svg;downloaded;democracy_from_base_set
HUN;fasismus;HUN__fasismus.png;C:\RP\map_generator_godot\build_map\src\HOI4 Flags\HUN_fascism.png;downloaded;local_folder_variant:HOI4 Flags|variant:fascism|local_variant_primary
HUN;komunismus;HUN__komunismus.png;C:\RP\map_generator_godot\build_map\src\HOI4 Flags\HUN_communism.png;downloaded;local_folder_variant:HOI4 Flags|variant:communism|local_variant_primary
HUN;kralovstvi;HUN__kralovstvi.png;C:\RP\map_generator_godot\build_map\src\HOI4 Flags\HUN_neutrality.png;downloaded;local_folder_variant:HOI4 Flags|variant:neutrality|local_duplicate_ok
HUN;nacismum;HUN__nacismum.png;C:\RP\map_generator_godot\build_map\src\HOI4 Flags\HUN_fascism.png;downloaded;wdqs_history_year:1939:1946-1949|fallback_local_after_error|download_error:Download failed after retries: HTTP Error 429: Too many requests - please contact noc@wikimedia.org to discuss a less disruptive approach or instead use thumbnail images in sizes listed on https://w.wiki/GHai. (0c640b1)|alias_from:nacismus
HUN;nacismus;HUN__nacismus.png;C:\RP\map_generator_godot\build_map\src\HOI4 Flags\HUN_fascism.png;downloaded;local_folder_variant:HOI4 Flags|variant:fascism|local_duplicate_ok
HUN;royal;HUN__royal.png;C:\RP\map_generator_godot\build_map\src\HOI4 Flags\HUN_neutrality.png;downloaded;wdqs_history_year:1880:1874-1896|fallback_local_after_error|download_error:Download failed after retries: HTTP Error 429: Too many requests - please contact noc@wikimedia.org to discuss a less disruptive approach or instead use thumbnail images in sizes listed on https://w.wiki/GHai. (0c640b1)|alias_from:kralovstvi
IRL;autokracie;IRL__autokracie.png;C:\RP\map_generator_godot\build_map\src\HOI4 Flags\IRE_neutrality.png;downloaded;local_folder_variant:HOI4 Flags|variant:neutrality|tag_alias:IRL->IRE|local_variant_primary
IRL;demokracie;IRL__demokracie.svg;C:\RP\map_generator_godot\build_map\src\opengs_export\Flags\IRL.svg;downloaded;democracy_from_base_set
IRL;fasismus;IRL__fasismus.png;C:\RP\map_generator_godot\build_map\src\HOI4 Flags\IRE_fascism.png;downloaded;local_folder_variant:HOI4 Flags|variant:fascism|tag_alias:IRL->IRE|local_variant_primary
IRL;komunismus;IRL__komunismus.png;C:\RP\map_generator_godot\build_map\src\HOI4 Flags\IRE_communism.png;downloaded;local_folder_variant:HOI4 Flags|variant:communism|tag_alias:IRL->IRE|local_variant_primary
IRL;kralovstvi;IRL__kralovstvi.png;C:\RP\map_generator_godot\build_map\src\HOI4 Flags\IRE_neutrality.png;downloaded;local_folder_variant:HOI4 Flags|variant:neutrality|tag_alias:IRL->IRE|local_duplicate_ok
IRL;nacismum;IRL__nacismum.png;C:\RP\map_generator_godot\build_map\src\HOI4 Flags\IRE_fascism.png;downloaded;local_folder_variant:HOI4 Flags|variant:fascism|tag_alias:IRL->IRE|local_lowres_deferred|local_duplicate_ok|alias_from:nacismus
IRL;nacismus;IRL__nacismus.png;C:\RP\map_generator_godot\build_map\src\HOI4 Flags\IRE_fascism.png;downloaded;local_folder_variant:HOI4 Flags|variant:fascism|tag_alias:IRL->IRE|local_duplicate_ok
IRL;royal;IRL__royal.png;C:\RP\map_generator_godot\build_map\src\HOI4 Flags\IRE_neutrality.png;downloaded;local_folder_variant:HOI4 Flags|variant:neutrality|tag_alias:IRL->IRE|local_lowres_deferred|fallback_lowres_local|alias_from:kralovstvi
ISL;autokracie;ISL__autokracie.png;C:\RP\map_generator_godot\build_map\src\HOI4 Flags\ICE_neutrality.png;downloaded;local_folder_variant:HOI4 Flags|variant:neutrality|tag_alias:ISL->ICE|local_variant_primary
ISL;demokracie;ISL__demokracie.svg;C:\RP\map_generator_godot\build_map\src\opengs_export\Flags\ISL.svg;downloaded;democracy_from_base_set
ISL;fasismus;ISL__fasismus.png;C:\RP\map_generator_godot\build_map\src\HOI4 Flags\ICE_fascism.png;downloaded;local_folder_variant:HOI4 Flags|variant:fascism|tag_alias:ISL->ICE|local_variant_primary
ISL;komunismus;ISL__komunismus.png;C:\RP\map_generator_godot\build_map\src\HOI4 Flags\ICE_communism.png;downloaded;local_folder_variant:HOI4 Flags|variant:communism|tag_alias:ISL->ICE|local_variant_primary
ISL;kralovstvi;ISL__kralovstvi.png;C:\RP\map_generator_godot\build_map\src\HOI4 Flags\ICE_neutrality.png;downloaded;local_folder_variant:HOI4 Flags|variant:neutrality|tag_alias:ISL->ICE|local_duplicate_ok
ISL;nacismum;ISL__nacismum.png;C:\RP\map_generator_godot\build_map\src\HOI4 Flags\ICE_fascism.png;downloaded;wdqs_history_year:1939:1918-1944|fallback_local_after_error|download_error:Download failed after retries: HTTP Error 429: Too many requests - please contact noc@wikimedia.org to discuss a less disruptive approach or instead use thumbnail images in sizes listed on https://w.wiki/GHai. (0c640b1)|alias_from:nacismus
ISL;nacismus;ISL__nacismus.png;C:\RP\map_generator_godot\build_map\src\HOI4 Flags\ICE_fascism.png;downloaded;local_folder_variant:HOI4 Flags|variant:fascism|tag_alias:ISL->ICE|local_duplicate_ok
ISL;royal;ISL__royal.png;C:\RP\map_generator_godot\build_map\src\HOI4 Flags\ICE_neutrality.png;downloaded;wdqs_history_year:1880:1918-1944|fallback_local_after_error|download_error:Download failed after retries: HTTP Error 429: Too many requests - please contact noc@wikimedia.org to discuss a less disruptive approach or instead use thumbnail images in sizes listed on https://w.wiki/GHai. (0c640b1)|alias_from:kralovstvi
ITA;autokracie;ITA__autokracie.png;C:\RP\map_generator_godot\build_map\src\HOI4 Flags\ITA_neutrality.png;downloaded;local_folder_variant:HOI4 Flags|variant:neutrality|local_variant_primary
ITA;demokracie;ITA__demokracie.svg;C:\RP\map_generator_godot\build_map\src\opengs_export\Flags\ITA.svg;downloaded;democracy_from_base_set
ITA;fasismus;ITA__fasismus.png;C:\RP\map_generator_godot\build_map\src\HOI4 Flags\ITA_fascism.png;downloaded;local_folder_variant:HOI4 Flags|variant:fascism|local_variant_primary
ITA;komunismus;ITA__komunismus.png;C:\RP\map_generator_godot\build_map\src\HOI4 Flags\ITA_communism.png;downloaded;local_folder_variant:HOI4 Flags|variant:communism|local_variant_primary
ITA;kralovstvi;ITA__kralovstvi.png;C:\RP\map_generator_godot\build_map\src\HOI4 Flags\ITA_neutrality.png;downloaded;local_folder_variant:HOI4 Flags|variant:neutrality|local_duplicate_ok
ITA;nacismum;ITA__nacismum.png;C:\RP\map_generator_godot\build_map\src\HOI4 Flags\ITA_fascism.png;downloaded;wdqs_history_year:1939:1946-2003|fallback_local_after_error|download_error:Download failed after retries: HTTP Error 429: Too many requests - please contact noc@wikimedia.org to discuss a less disruptive approach or instead use thumbnail images in sizes listed on https://w.wiki/GHai. (0c640b1)|alias_from:nacismus
ITA;nacismus;ITA__nacismus.png;C:\RP\map_generator_godot\build_map\src\HOI4 Flags\ITA_fascism.png;downloaded;local_folder_variant:HOI4 Flags|variant:fascism|local_duplicate_ok
ITA;royal;ITA__royal.png;C:\RP\map_generator_godot\build_map\src\HOI4 Flags\ITA_neutrality.png;downloaded;wdqs_history_year:1880:1946-2003|fallback_local_after_error|download_error:Download failed after retries: HTTP Error 429: Too many requests - please contact noc@wikimedia.org to discuss a less disruptive approach or instead use thumbnail images in sizes listed on https://w.wiki/GHai. (0c640b1)|alias_from:kralovstvi
KOS;autokracie;KOS__autokracie.svg;https://upload.wikimedia.org/wikipedia/commons/1/1f/Flag_of_Kosovo.svg;downloaded;fallback_base_flag|fallback_qid:Q1246
KOS;demokracie;KOS__demokracie.svg;C:\RP\map_generator_godot\build_map\src\opengs_export\Flags\KOS.svg;downloaded;democracy_from_base_set
KOS;fasismus;KOS__fasismus.svg;https://upload.wikimedia.org/wikipedia/commons/1/1f/Flag_of_Kosovo.svg;downloaded;fallback_base_duplicate_ok|fallback_qid:Q1246
KOS;komunismus;KOS__komunismus.svg;https://upload.wikimedia.org/wikipedia/commons/1/1f/Flag_of_Kosovo.svg;downloaded;fallback_base_duplicate_ok|fallback_qid:Q1246
KOS;kralovstvi;KOS__kralovstvi.svg;https://upload.wikimedia.org/wikipedia/commons/1/1f/Flag_of_Kosovo.svg;downloaded;fallback_base_duplicate_ok|fallback_qid:Q1246
KOS;nacismum;KOS__nacismum.svg;https://upload.wikimedia.org/wikipedia/commons/1/1f/Flag_of_Kosovo.svg;downloaded;fallback_base_duplicate_ok|fallback_qid:Q1246|alias_from:nacismus
KOS;nacismus;KOS__nacismus.svg;https://upload.wikimedia.org/wikipedia/commons/1/1f/Flag_of_Kosovo.svg;downloaded;fallback_base_duplicate_ok|fallback_qid:Q1246
KOS;royal;KOS__royal.svg;https://upload.wikimedia.org/wikipedia/commons/1/1f/Flag_of_Kosovo.svg;downloaded;fallback_base_duplicate_ok|fallback_qid:Q1246|alias_from:kralovstvi
LTU;autokracie;LTU__autokracie.png;C:\RP\map_generator_godot\build_map\src\HOI4 Flags\LIT_neutrality.png;downloaded;local_folder_variant:HOI4 Flags|variant:neutrality|tag_alias:LTU->LIT|local_variant_primary
LTU;demokracie;LTU__demokracie.svg;C:\RP\map_generator_godot\build_map\src\opengs_export\Flags\LTU.svg;downloaded;democracy_from_base_set
LTU;fasismus;LTU__fasismus.png;C:\RP\map_generator_godot\build_map\src\HOI4 Flags\LIT_fascism.png;downloaded;local_folder_variant:HOI4 Flags|variant:fascism|tag_alias:LTU->LIT|local_variant_primary
LTU;komunismus;LTU__komunismus.png;C:\RP\map_generator_godot\build_map\src\HOI4 Flags\LIT_communism.png;downloaded;local_folder_variant:HOI4 Flags|variant:communism|tag_alias:LTU->LIT|local_variant_primary
LTU;kralovstvi;LTU__kralovstvi.png;C:\RP\map_generator_godot\build_map\src\HOI4 Flags\LIT_neutrality.png;downloaded;local_folder_variant:HOI4 Flags|variant:neutrality|tag_alias:LTU->LIT|local_duplicate_ok
LTU;nacismum;LTU__nacismum.png;C:\RP\map_generator_godot\build_map\src\HOI4 Flags\LIT_fascism.png;downloaded;wdqs_history_year:1939:1918-1940|fallback_local_after_error|download_error:Download failed after retries: HTTP Error 429: Too many requests - please contact noc@wikimedia.org to discuss a less disruptive approach or instead use thumbnail images in sizes listed on https://w.wiki/GHai. (0c640b1)|alias_from:nacismus
LTU;nacismus;LTU__nacismus.png;C:\RP\map_generator_godot\build_map\src\HOI4 Flags\LIT_fascism.png;downloaded;local_folder_variant:HOI4 Flags|variant:fascism|tag_alias:LTU->LIT|local_duplicate_ok
LTU;royal;LTU__royal.png;C:\RP\map_generator_godot\build_map\src\HOI4 Flags\LIT_neutrality.png;downloaded;wdqs_history_year:1880:1918-1940|fallback_local_after_error|download_error:Download failed after retries: HTTP Error 429: Too many requests - please contact noc@wikimedia.org to discuss a less disruptive approach or instead use thumbnail images in sizes listed on https://w.wiki/GHai. (0c640b1)|alias_from:kralovstvi
LUX;autokracie;LUX__autokracie.png;C:\RP\map_generator_godot\build_map\src\HOI4 Flags\LUX_neutrality.png;downloaded;local_folder_variant:HOI4 Flags|variant:neutrality|local_variant_primary
LUX;demokracie;LUX__demokracie.svg;C:\RP\map_generator_godot\build_map\src\opengs_export\Flags\LUX.svg;downloaded;democracy_from_base_set
LUX;fasismus;LUX__fasismus.png;C:\RP\map_generator_godot\build_map\src\HOI4 Flags\LUX_fascism.png;downloaded;local_folder_variant:HOI4 Flags|variant:fascism|local_variant_primary
LUX;komunismus;LUX__komunismus.png;C:\RP\map_generator_godot\build_map\src\HOI4 Flags\LUX_communism.png;downloaded;local_folder_variant:HOI4 Flags|variant:communism|local_variant_primary
LUX;kralovstvi;LUX__kralovstvi.png;C:\RP\map_generator_godot\build_map\src\HOI4 Flags\LUX_neutrality.png;downloaded;local_folder_variant:HOI4 Flags|variant:neutrality|local_duplicate_ok
LUX;nacismum;LUX__nacismum.png;C:\RP\map_generator_godot\build_map\src\HOI4 Flags\LUX_fascism.png;downloaded;local_folder_variant:HOI4 Flags|variant:fascism|local_lowres_deferred|local_duplicate_ok|alias_from:nacismus
LUX;nacismus;LUX__nacismus.png;C:\RP\map_generator_godot\build_map\src\HOI4 Flags\LUX_fascism.png;downloaded;local_folder_variant:HOI4 Flags|variant:fascism|local_duplicate_ok
LUX;royal;LUX__royal.png;C:\RP\map_generator_godot\build_map\src\HOI4 Flags\LUX_neutrality.png;downloaded;local_folder_variant:HOI4 Flags|variant:neutrality|local_lowres_deferred|fallback_lowres_local|alias_from:kralovstvi
LVA;autokracie;LVA__autokracie.png;C:\RP\map_generator_godot\build_map\src\HOI4 Flags\LAT_neutrality.png;downloaded;local_folder_variant:HOI4 Flags|variant:neutrality|tag_alias:LVA->LAT|local_variant_primary
LVA;demokracie;LVA__demokracie.svg;C:\RP\map_generator_godot\build_map\src\opengs_export\Flags\LVA.svg;downloaded;democracy_from_base_set
LVA;fasismus;LVA__fasismus.png;C:\RP\map_generator_godot\build_map\src\HOI4 Flags\LAT_fascism.png;downloaded;local_folder_variant:HOI4 Flags|variant:fascism|tag_alias:LVA->LAT|local_variant_primary
LVA;komunismus;LVA__komunismus.png;C:\RP\map_generator_godot\build_map\src\HOI4 Flags\LAT_communism.png;downloaded;local_folder_variant:HOI4 Flags|variant:communism|tag_alias:LVA->LAT|local_variant_primary
LVA;kralovstvi;LVA__kralovstvi.png;C:\RP\map_generator_godot\build_map\src\HOI4 Flags\LAT_neutrality.png;downloaded;local_folder_variant:HOI4 Flags|variant:neutrality|tag_alias:LVA->LAT|local_duplicate_ok
LVA;nacismum;LVA__nacismum.png;C:\RP\map_generator_godot\build_map\src\HOI4 Flags\LAT_fascism.png;downloaded;local_folder_variant:HOI4 Flags|variant:fascism|tag_alias:LVA->LAT|local_lowres_deferred|local_duplicate_ok|alias_from:nacismus
LVA;nacismus;LVA__nacismus.png;C:\RP\map_generator_godot\build_map\src\HOI4 Flags\LAT_fascism.png;downloaded;local_folder_variant:HOI4 Flags|variant:fascism|tag_alias:LVA->LAT|local_duplicate_ok
LVA;royal;LVA__royal.png;C:\RP\map_generator_godot\build_map\src\HOI4 Flags\LAT_neutrality.png;downloaded;local_folder_variant:HOI4 Flags|variant:neutrality|tag_alias:LVA->LAT|local_lowres_deferred|fallback_lowres_local|alias_from:kralovstvi
MDA;autokracie;MDA__autokracie.svg;https://upload.wikimedia.org/wikipedia/commons/2/27/Flag_of_Moldova.svg;downloaded;wdqs_history_year:1860:undated|fallback_relaxed_unique
MDA;demokracie;MDA__demokracie.svg;C:\RP\map_generator_godot\build_map\src\opengs_export\Flags\MDA.svg;downloaded;democracy_from_base_set
MDA;fasismus;MDA__fasismus.svg;https://upload.wikimedia.org/wikipedia/commons/2/27/Flag_of_Moldova.svg;downloaded;wdqs_history_year:1937:undated|fallback_relaxed_duplicate
MDA;komunismus;MDA__komunismus.svg;https://upload.wikimedia.org/wikipedia/commons/2/27/Flag_of_Moldova.svg;downloaded;wdqs_history_year:1975:undated|fallback_relaxed_duplicate
MDA;kralovstvi;MDA__kralovstvi.svg;https://upload.wikimedia.org/wikipedia/commons/2/27/Flag_of_Moldova.svg;downloaded;wdqs_history_year:1880:undated|fallback_relaxed_duplicate
MDA;nacismum;MDA__nacismum.svg;https://upload.wikimedia.org/wikipedia/commons/2/27/Flag_of_Moldova.svg;downloaded;wdqs_history_year:1939:undated|fallback_relaxed_duplicate|alias_from:nacismus
MDA;nacismus;MDA__nacismus.svg;https://upload.wikimedia.org/wikipedia/commons/2/27/Flag_of_Moldova.svg;downloaded;wdqs_history_year:1939:undated|fallback_relaxed_duplicate
MDA;royal;MDA__royal.svg;https://upload.wikimedia.org/wikipedia/commons/2/27/Flag_of_Moldova.svg;downloaded;wdqs_history_year:1880:undated|fallback_relaxed_duplicate|alias_from:kralovstvi
MKD;autokracie;MKD__autokracie.svg;https://upload.wikimedia.org/wikipedia/commons/a/ab/Flag_of_Macedonia_%281992%E2%80%931995%29.svg;downloaded;wdqs_history_year:1860:1992-1995|fallback_relaxed_unique
MKD;demokracie;MKD__demokracie.svg;C:\RP\map_generator_godot\build_map\src\opengs_export\Flags\MKD.svg;downloaded;democracy_from_base_set
MKD;fasismus;MKD__fasismus.svg;https://upload.wikimedia.org/wikipedia/commons/a/ab/Flag_of_Macedonia_%281992%E2%80%931995%29.svg;downloaded;wdqs_history_year:1937:1992-1995|fallback_relaxed_duplicate
MKD;komunismus;MKD__komunismus.svg;https://upload.wikimedia.org/wikipedia/commons/a/ab/Flag_of_Macedonia_%281992%E2%80%931995%29.svg;downloaded;wdqs_history_year:1975:1992-1995|fallback_relaxed_duplicate
MKD;kralovstvi;MKD__kralovstvi.svg;https://upload.wikimedia.org/wikipedia/commons/7/79/Flag_of_North_Macedonia.svg;downloaded;wdqs_history_year:1880:from_1995
MKD;nacismum;MKD__nacismum.svg;https://upload.wikimedia.org/wikipedia/commons/a/ab/Flag_of_Macedonia_%281992%E2%80%931995%29.svg;downloaded;wdqs_history_year:1939:1992-1995|fallback_relaxed_duplicate|alias_from:nacismus
MKD;nacismus;MKD__nacismus.svg;https://upload.wikimedia.org/wikipedia/commons/a/ab/Flag_of_Macedonia_%281992%E2%80%931995%29.svg;downloaded;wdqs_history_year:1939:1992-1995|fallback_relaxed_duplicate
MKD;royal;MKD__royal.svg;https://upload.wikimedia.org/wikipedia/commons/7/79/Flag_of_North_Macedonia.svg;downloaded;wdqs_history_year:1880:from_1995|alias_from:kralovstvi
MNE;autokracie;MNE__autokracie.png;C:\RP\map_generator_godot\build_map\src\HOI4 Flags\MNT_neutrality.png;downloaded;local_folder_variant:HOI4 Flags|variant:neutrality|tag_alias:MNE->MNT|local_variant_primary
MNE;demokracie;MNE__demokracie.svg;C:\RP\map_generator_godot\build_map\src\opengs_export\Flags\MNE.svg;downloaded;democracy_from_base_set
MNE;fasismus;MNE__fasismus.png;C:\RP\map_generator_godot\build_map\src\HOI4 Flags\MNT_fascism.png;downloaded;local_folder_variant:HOI4 Flags|variant:fascism|tag_alias:MNE->MNT|local_variant_primary
MNE;komunismus;MNE__komunismus.png;C:\RP\map_generator_godot\build_map\src\HOI4 Flags\MNT_communism.png;downloaded;local_folder_variant:HOI4 Flags|variant:communism|tag_alias:MNE->MNT|local_variant_primary
MNE;kralovstvi;MNE__kralovstvi.png;C:\RP\map_generator_godot\build_map\src\HOI4 Flags\MNT_neutrality.png;downloaded;local_folder_variant:HOI4 Flags|variant:neutrality|tag_alias:MNE->MNT|local_duplicate_ok
MNE;nacismum;MNE__nacismum.png;C:\RP\map_generator_godot\build_map\src\HOI4 Flags\MNT_fascism.png;downloaded;local_folder_variant:HOI4 Flags|variant:fascism|tag_alias:MNE->MNT|local_lowres_deferred|local_duplicate_ok|alias_from:nacismus
MNE;nacismus;MNE__nacismus.png;C:\RP\map_generator_godot\build_map\src\HOI4 Flags\MNT_fascism.png;downloaded;local_folder_variant:HOI4 Flags|variant:fascism|tag_alias:MNE->MNT|local_duplicate_ok
MNE;royal;MNE__royal.png;C:\RP\map_generator_godot\build_map\src\HOI4 Flags\MNT_neutrality.png;downloaded;local_folder_variant:HOI4 Flags|variant:neutrality|tag_alias:MNE->MNT|local_lowres_deferred|fallback_lowres_local|alias_from:kralovstvi
NLD;autokracie;NLD__autokracie.png;C:\RP\map_generator_godot\build_map\src\HOI4 Flags\HOL_neutrality.png;downloaded;local_folder_variant:HOI4 Flags|variant:neutrality|tag_alias:NLD->HOL|local_variant_primary
NLD;demokracie;NLD__demokracie.svg;C:\RP\map_generator_godot\build_map\src\opengs_export\Flags\NLD.svg;downloaded;democracy_from_base_set
NLD;fasismus;NLD__fasismus.png;C:\RP\map_generator_godot\build_map\src\HOI4 Flags\HOL_fascism.png;downloaded;local_folder_variant:HOI4 Flags|variant:fascism|tag_alias:NLD->HOL|local_variant_primary
NLD;komunismus;NLD__komunismus.png;C:\RP\map_generator_godot\build_map\src\HOI4 Flags\HOL_communism.png;downloaded;local_folder_variant:HOI4 Flags|variant:communism|tag_alias:NLD->HOL|local_variant_primary
NLD;kralovstvi;NLD__kralovstvi.png;C:\RP\map_generator_godot\build_map\src\HOI4 Flags\HOL_neutrality.png;downloaded;local_folder_variant:HOI4 Flags|variant:neutrality|tag_alias:NLD->HOL|local_duplicate_ok
NLD;nacismum;NLD__nacismum.png;C:\RP\map_generator_godot\build_map\src\HOI4 Flags\HOL_fascism.png;downloaded;local_folder_variant:HOI4 Flags|variant:fascism|tag_alias:NLD->HOL|local_lowres_deferred|local_duplicate_ok|alias_from:nacismus
NLD;nacismus;NLD__nacismus.png;C:\RP\map_generator_godot\build_map\src\HOI4 Flags\HOL_fascism.png;downloaded;local_folder_variant:HOI4 Flags|variant:fascism|tag_alias:NLD->HOL|local_duplicate_ok
NLD;royal;NLD__royal.png;C:\RP\map_generator_godot\build_map\src\HOI4 Flags\HOL_neutrality.png;downloaded;local_folder_variant:HOI4 Flags|variant:neutrality|tag_alias:NLD->HOL|local_lowres_deferred|fallback_lowres_local|alias_from:kralovstvi
NOR;autokracie;NOR__autokracie.png;C:\RP\map_generator_godot\build_map\src\HOI4 Flags\NOR_neutrality.png;downloaded;local_folder_variant:HOI4 Flags|variant:neutrality|local_variant_primary
NOR;demokracie;NOR__demokracie.svg;C:\RP\map_generator_godot\build_map\src\opengs_export\Flags\NOR.svg;downloaded;democracy_from_base_set
NOR;fasismus;NOR__fasismus.png;C:\RP\map_generator_godot\build_map\src\HOI4 Flags\NOR_fascism.png;downloaded;local_folder_variant:HOI4 Flags|variant:fascism|local_variant_primary
NOR;komunismus;NOR__komunismus.png;C:\RP\map_generator_godot\build_map\src\HOI4 Flags\NOR_communism.png;downloaded;local_folder_variant:HOI4 Flags|variant:communism|local_variant_primary
NOR;kralovstvi;NOR__kralovstvi.png;C:\RP\map_generator_godot\build_map\src\HOI4 Flags\NOR_neutrality.png;downloaded;local_folder_variant:HOI4 Flags|variant:neutrality|local_duplicate_ok
NOR;nacismum;NOR__nacismum.png;C:\RP\map_generator_godot\build_map\src\HOI4 Flags\NOR_fascism.png;downloaded;local_folder_variant:HOI4 Flags|variant:fascism|local_lowres_deferred|local_duplicate_ok|alias_from:nacismus
NOR;nacismus;NOR__nacismus.png;C:\RP\map_generator_godot\build_map\src\HOI4 Flags\NOR_fascism.png;downloaded;local_folder_variant:HOI4 Flags|variant:fascism|local_duplicate_ok
NOR;royal;NOR__royal.png;C:\RP\map_generator_godot\build_map\src\HOI4 Flags\NOR_neutrality.png;downloaded;local_folder_variant:HOI4 Flags|variant:neutrality|local_lowres_deferred|fallback_lowres_local|alias_from:kralovstvi
POL;autokracie;POL__autokracie.png;C:\RP\map_generator_godot\build_map\src\HOI4 Flags\POL_neutrality.png;downloaded;local_folder_variant:HOI4 Flags|variant:neutrality|local_variant_primary
POL;demokracie;POL__demokracie.svg;C:\RP\map_generator_godot\build_map\src\opengs_export\Flags\POL.svg;downloaded;democracy_from_base_set
POL;fasismus;POL__fasismus.png;C:\RP\map_generator_godot\build_map\src\HOI4 Flags\POL_fascism.png;downloaded;local_folder_variant:HOI4 Flags|variant:fascism|local_variant_primary
POL;komunismus;POL__komunismus.png;C:\RP\map_generator_godot\build_map\src\HOI4 Flags\POL_communism.png;downloaded;local_folder_variant:HOI4 Flags|variant:communism|local_variant_primary
POL;kralovstvi;POL__kralovstvi.png;C:\RP\map_generator_godot\build_map\src\HOI4 Flags\POL_neutrality.png;downloaded;local_folder_variant:HOI4 Flags|variant:neutrality|local_duplicate_ok
POL;nacismum;POL__nacismum.png;C:\RP\map_generator_godot\build_map\src\HOI4 Flags\POL_fascism.png;downloaded;local_folder_variant:HOI4 Flags|variant:fascism|local_lowres_deferred|fallback_lowres_local|alias_from:nacismus
POL;nacismus;POL__nacismus.png;C:\RP\map_generator_godot\build_map\src\HOI4 Flags\POL_fascism.png;downloaded;local_folder_variant:HOI4 Flags|variant:fascism|local_duplicate_ok
POL;royal;POL__royal.svg;https://upload.wikimedia.org/wikipedia/commons/4/41/Flag_of_Poland_%281928%E2%80%931980%29.svg;downloaded;wdqs_history_year:1880:1927-1980|alias_from:kralovstvi
PRT;autokracie;PRT__autokracie.png;C:\RP\map_generator_godot\build_map\src\HOI4 Flags\POR_neutrality.png;downloaded;local_folder_variant:HOI4 Flags|variant:neutrality|tag_alias:PRT->POR|local_variant_primary
PRT;demokracie;PRT__demokracie.svg;C:\RP\map_generator_godot\build_map\src\opengs_export\Flags\PRT.svg;downloaded;democracy_from_base_set
PRT;fasismus;PRT__fasismus.png;C:\RP\map_generator_godot\build_map\src\HOI4 Flags\POR_fascism.png;downloaded;local_folder_variant:HOI4 Flags|variant:fascism|tag_alias:PRT->POR|local_variant_primary
PRT;komunismus;PRT__komunismus.png;C:\RP\map_generator_godot\build_map\src\HOI4 Flags\POR_communism.png;downloaded;local_folder_variant:HOI4 Flags|variant:communism|tag_alias:PRT->POR|local_variant_primary
PRT;kralovstvi;PRT__kralovstvi.png;C:\RP\map_generator_godot\build_map\src\HOI4 Flags\POR_neutrality.png;downloaded;local_folder_variant:HOI4 Flags|variant:neutrality|tag_alias:PRT->POR|local_duplicate_ok
PRT;nacismum;PRT__nacismum.png;C:\RP\map_generator_godot\build_map\src\HOI4 Flags\POR_fascism.png;downloaded;wdqs_history_year:1939:1750-1816|fallback_relaxed_unique|fallback_local_after_error|download_error:Download failed after retries: HTTP Error 429: Too many requests - please contact noc@wikimedia.org to discuss a less disruptive approach or instead use thumbnail images in sizes listed on https://w.wiki/GHai. (0c640b1)|alias_from:nacismus
PRT;nacismus;PRT__nacismus.png;C:\RP\map_generator_godot\build_map\src\HOI4 Flags\POR_fascism.png;downloaded;local_folder_variant:HOI4 Flags|variant:fascism|tag_alias:PRT->POR|local_duplicate_ok
PRT;royal;PRT__royal.svg;https://upload.wikimedia.org/wikipedia/commons/a/a8/Flag_of_Portugal_%28official%29.svg;downloaded;wdqs_history_year:1880:from_1911|alias_from:kralovstvi
ROU;autokracie;ROU__autokracie.png;C:\RP\map_generator_godot\build_map\src\HOI4 Flags\ROM_neutrality.png;downloaded;local_folder_variant:HOI4 Flags|variant:neutrality|tag_alias:ROU->ROM|local_variant_primary
ROU;demokracie;ROU__demokracie.svg;C:\RP\map_generator_godot\build_map\src\opengs_export\Flags\ROU.svg;downloaded;democracy_from_base_set
ROU;fasismus;ROU__fasismus.png;C:\RP\map_generator_godot\build_map\src\HOI4 Flags\ROM_fascism.png;downloaded;local_folder_variant:HOI4 Flags|variant:fascism|tag_alias:ROU->ROM|local_variant_primary
ROU;komunismus;ROU__komunismus.png;C:\RP\map_generator_godot\build_map\src\HOI4 Flags\ROM_communism.png;downloaded;local_folder_variant:HOI4 Flags|variant:communism|tag_alias:ROU->ROM|local_variant_primary
ROU;kralovstvi;ROU__kralovstvi.png;C:\RP\map_generator_godot\build_map\src\HOI4 Flags\ROM_neutrality.png;downloaded;local_folder_variant:HOI4 Flags|variant:neutrality|tag_alias:ROU->ROM|local_duplicate_ok
ROU;nacismum;ROU__nacismum.png;C:\RP\map_generator_godot\build_map\src\HOI4 Flags\ROM_fascism.png;downloaded;wdqs_history_year:1939:1947-1949|fallback_local_after_error|download_error:Download failed after retries: HTTP Error 429: Too many requests - please contact noc@wikimedia.org to discuss a less disruptive approach or instead use thumbnail images in sizes listed on https://w.wiki/GHai. (0c640b1)|alias_from:nacismus
ROU;nacismus;ROU__nacismus.png;C:\RP\map_generator_godot\build_map\src\HOI4 Flags\ROM_fascism.png;downloaded;local_folder_variant:HOI4 Flags|variant:fascism|tag_alias:ROU->ROM|local_duplicate_ok
ROU;royal;ROU__royal.svg;https://upload.wikimedia.org/wikipedia/commons/7/73/Flag_of_Romania.svg;downloaded;wdqs_history_year:1880:1867-1947|alias_from:kralovstvi
RUS;autokracie;RUS__autokracie.png;C:\RP\map_generator_godot\build_map\src\VIC2 Flags\RUS_monarchy.png;downloaded;local_folder_variant:VIC2 Flags|variant:monarchy|local_variant_primary
RUS;demokracie;RUS__demokracie.svg;C:\RP\map_generator_godot\build_map\src\opengs_export\Flags\RUS.svg;downloaded;democracy_from_base_set
RUS;fasismus;RUS__fasismus.png;C:\RP\map_generator_godot\build_map\src\VIC2 Flags\RUS_fascist.png;downloaded;local_folder_variant:VIC2 Flags|variant:fascist|local_variant_primary
RUS;komunismus;RUS__komunismus.png;C:\RP\map_generator_godot\build_map\src\VIC2 Flags\RUS_communist.png;downloaded;local_folder_variant:VIC2 Flags|variant:communist|local_variant_primary
RUS;kralovstvi;RUS__kralovstvi.png;C:\RP\map_generator_godot\build_map\src\VIC2 Flags\RUS_monarchy.png;downloaded;local_folder_variant:VIC2 Flags|variant:monarchy|local_duplicate_ok
RUS;nacismum;RUS__nacismum.png;C:\RP\map_generator_godot\build_map\src\VIC2 Flags\RUS_fascist.png;downloaded;wdqs_history_year:1939:1937-1954|fallback_local_after_error|download_error:Download failed after retries: HTTP Error 429: Too many requests - please contact noc@wikimedia.org to discuss a less disruptive approach or instead use thumbnail images in sizes listed on https://w.wiki/GHai. (0c640b1)|alias_from:nacismus
RUS;nacismus;RUS__nacismus.png;C:\RP\map_generator_godot\build_map\src\VIC2 Flags\RUS_fascist.png;downloaded;local_folder_variant:VIC2 Flags|variant:fascist|local_duplicate_ok
RUS;royal;RUS__royal.svg;https://upload.wikimedia.org/wikipedia/commons/f/f3/Flag_of_Russia.svg;downloaded;wdqs_history_year:1880:1896-1918|alias_from:kralovstvi
SRB;autokracie;SRB__autokracie.png;C:\RP\map_generator_godot\build_map\src\HOI4 Flags\SER_neutrality.png;downloaded;local_folder_variant:HOI4 Flags|variant:neutrality|tag_alias:SRB->SER|local_variant_primary
SRB;demokracie;SRB__demokracie.svg;C:\RP\map_generator_godot\build_map\src\opengs_export\Flags\SRB.svg;downloaded;democracy_from_base_set
SRB;fasismus;SRB__fasismus.png;C:\RP\map_generator_godot\build_map\src\HOI4 Flags\SER_fascism.png;downloaded;local_folder_variant:HOI4 Flags|variant:fascism|tag_alias:SRB->SER|local_variant_primary
SRB;komunismus;SRB__komunismus.png;C:\RP\map_generator_godot\build_map\src\HOI4 Flags\SER_communism.png;downloaded;local_folder_variant:HOI4 Flags|variant:communism|tag_alias:SRB->SER|local_variant_primary
SRB;kralovstvi;SRB__kralovstvi.png;C:\RP\map_generator_godot\build_map\src\HOI4 Flags\SER_neutrality.png;downloaded;local_folder_variant:HOI4 Flags|variant:neutrality|tag_alias:SRB->SER|local_duplicate_ok
SRB;nacismum;SRB__nacismum.png;C:\RP\map_generator_godot\build_map\src\HOI4 Flags\SER_fascism.png;downloaded;wdqs_history_year:1939:1941-1944|fallback_local_after_error|download_error:Download failed after retries: HTTP Error 429: Too many requests - please contact noc@wikimedia.org to discuss a less disruptive approach or instead use thumbnail images in sizes listed on https://w.wiki/GHai. (0c640b1)|alias_from:nacismus
SRB;nacismus;SRB__nacismus.png;C:\RP\map_generator_godot\build_map\src\HOI4 Flags\SER_fascism.png;downloaded;local_folder_variant:HOI4 Flags|variant:fascism|tag_alias:SRB->SER|local_duplicate_ok
SRB;royal;SRB__royal.png;C:\RP\map_generator_godot\build_map\src\HOI4 Flags\SER_neutrality.png;downloaded;wdqs_history_year:1880:1882-1918|fallback_local_after_error|download_error:Download failed after retries: HTTP Error 429: Too many requests - please contact noc@wikimedia.org to discuss a less disruptive approach or instead use thumbnail images in sizes listed on https://w.wiki/GHai. (0c640b1)|alias_from:kralovstvi
SVK;autokracie;SVK__autokracie.svg;https://upload.wikimedia.org/wikipedia/commons/2/2a/Flag_of_Slovakia_%281939%E2%80%931945%29.svg;downloaded;wdqs_history_year:1860:1939-1945
SVK;demokracie;SVK__demokracie.svg;C:\RP\map_generator_godot\build_map\src\opengs_export\Flags\SVK.svg;downloaded;democracy_from_base_set
SVK;fasismus;SVK__fasismus.svg;https://upload.wikimedia.org/wikipedia/commons/2/2a/Flag_of_Slovakia_%281939%E2%80%931945%29.svg;downloaded;wdqs_history_year:1937:1939-1945|fallback_relaxed_duplicate
SVK;komunismus;SVK__komunismus.svg;https://upload.wikimedia.org/wikipedia/commons/e/e6/Flag_of_Slovakia.svg;downloaded;wdqs_history_year:1975:from_1992|fallback_relaxed_duplicate
SVK;kralovstvi;SVK__kralovstvi.svg;https://upload.wikimedia.org/wikipedia/commons/e/e6/Flag_of_Slovakia.svg;downloaded;wdqs_history_year:1880:from_1992
SVK;nacismum;SVK__nacismum.svg;https://upload.wikimedia.org/wikipedia/commons/2/2a/Flag_of_Slovakia_%281939%E2%80%931945%29.svg;downloaded;wdqs_history_year:1939:1939-1945|fallback_relaxed_duplicate|alias_from:nacismus
SVK;nacismus;SVK__nacismus.svg;https://upload.wikimedia.org/wikipedia/commons/2/2a/Flag_of_Slovakia_%281939%E2%80%931945%29.svg;downloaded;wdqs_history_year:1939:1939-1945|fallback_relaxed_duplicate
SVK;royal;SVK__royal.svg;https://upload.wikimedia.org/wikipedia/commons/e/e6/Flag_of_Slovakia.svg;downloaded;wdqs_history_year:1880:from_1992|alias_from:kralovstvi
SVN;autokracie;SVN__autokracie.png;C:\RP\map_generator_godot\build_map\src\VIC2 Flags\SLV_monarchy.png;downloaded;local_folder_variant:VIC2 Flags|variant:monarchy|tag_alias:SVN->SLV|local_variant_primary
SVN;demokracie;SVN__demokracie.svg;C:\RP\map_generator_godot\build_map\src\opengs_export\Flags\SVN.svg;downloaded;democracy_from_base_set
SVN;fasismus;SVN__fasismus.png;C:\RP\map_generator_godot\build_map\src\VIC2 Flags\SLV_fascist.png;downloaded;local_folder_variant:VIC2 Flags|variant:fascist|tag_alias:SVN->SLV|local_variant_primary
SVN;komunismus;SVN__komunismus.png;C:\RP\map_generator_godot\build_map\src\VIC2 Flags\SLV_communist.png;downloaded;local_folder_variant:VIC2 Flags|variant:communist|tag_alias:SVN->SLV|local_variant_primary
SVN;kralovstvi;SVN__kralovstvi.png;C:\RP\map_generator_godot\build_map\src\VIC2 Flags\SLV_monarchy.png;downloaded;local_folder_variant:VIC2 Flags|variant:monarchy|tag_alias:SVN->SLV|local_duplicate_ok
SVN;nacismum;SVN__nacismum.png;C:\RP\map_generator_godot\build_map\src\VIC2 Flags\SLV_fascist.png;downloaded;local_folder_variant:VIC2 Flags|variant:fascist|tag_alias:SVN->SLV|local_lowres_deferred|local_duplicate_ok|alias_from:nacismus
SVN;nacismus;SVN__nacismus.png;C:\RP\map_generator_godot\build_map\src\VIC2 Flags\SLV_fascist.png;downloaded;local_folder_variant:VIC2 Flags|variant:fascist|tag_alias:SVN->SLV|local_duplicate_ok
SVN;royal;SVN__royal.png;C:\RP\map_generator_godot\build_map\src\VIC2 Flags\SLV_monarchy.png;downloaded;local_folder_variant:VIC2 Flags|variant:monarchy|tag_alias:SVN->SLV|local_lowres_deferred|fallback_lowres_local|alias_from:kralovstvi
SWE;autokracie;SWE__autokracie.png;C:\RP\map_generator_godot\build_map\src\HOI4 Flags\SWE_neutrality.png;downloaded;local_folder_variant:HOI4 Flags|variant:neutrality|local_variant_primary
SWE;demokracie;SWE__demokracie.svg;C:\RP\map_generator_godot\build_map\src\opengs_export\Flags\SWE.svg;downloaded;democracy_from_base_set
SWE;fasismus;SWE__fasismus.png;C:\RP\map_generator_godot\build_map\src\HOI4 Flags\SWE_fascism.png;downloaded;local_folder_variant:HOI4 Flags|variant:fascism|local_variant_primary
SWE;komunismus;SWE__komunismus.png;C:\RP\map_generator_godot\build_map\src\HOI4 Flags\SWE_communism.png;downloaded;local_folder_variant:HOI4 Flags|variant:communism|local_variant_primary
SWE;kralovstvi;SWE__kralovstvi.png;C:\RP\map_generator_godot\build_map\src\HOI4 Flags\SWE_neutrality.png;downloaded;local_folder_variant:HOI4 Flags|variant:neutrality|local_duplicate_ok
SWE;nacismum;SWE__nacismum.png;C:\RP\map_generator_godot\build_map\src\HOI4 Flags\SWE_fascism.png;downloaded;local_folder_variant:HOI4 Flags|variant:fascism|local_lowres_deferred|fallback_lowres_local|alias_from:nacismus
SWE;nacismus;SWE__nacismus.png;C:\RP\map_generator_godot\build_map\src\HOI4 Flags\SWE_fascism.png;downloaded;local_folder_variant:HOI4 Flags|variant:fascism|local_duplicate_ok
SWE;royal;SWE__royal.png;C:\RP\map_generator_godot\build_map\src\HOI4 Flags\SWE_neutrality.png;downloaded;historical_override|fallback_local_after_error|download_error:Download failed after retries: HTTP Error 429: Too many requests - please contact noc@wikimedia.org to discuss a less disruptive approach or instead use thumbnail images in sizes listed on https://w.wiki/GHai. (0c640b1)|alias_from:kralovstvi
TUR;autokracie;TUR__autokracie.png;C:\RP\map_generator_godot\build_map\src\HOI4 Flags\TUR_neutrality.png;downloaded;local_folder_variant:HOI4 Flags|variant:neutrality|local_variant_primary
TUR;demokracie;TUR__demokracie.svg;C:\RP\map_generator_godot\build_map\src\opengs_export\Flags\TUR.svg;downloaded;democracy_from_base_set
TUR;fasismus;TUR__fasismus.png;C:\RP\map_generator_godot\build_map\src\HOI4 Flags\TUR_fascism.png;downloaded;local_folder_variant:HOI4 Flags|variant:fascism|local_variant_primary
TUR;komunismus;TUR__komunismus.png;C:\RP\map_generator_godot\build_map\src\HOI4 Flags\TUR_communism.png;downloaded;local_folder_variant:HOI4 Flags|variant:communism|local_variant_primary
TUR;kralovstvi;TUR__kralovstvi.png;C:\RP\map_generator_godot\build_map\src\HOI4 Flags\TUR_neutrality.png;downloaded;local_folder_variant:HOI4 Flags|variant:neutrality|local_duplicate_ok
TUR;nacismum;TUR__nacismum.png;C:\RP\map_generator_godot\build_map\src\HOI4 Flags\TUR_fascism.png;downloaded;local_folder_variant:HOI4 Flags|variant:fascism|local_lowres_deferred|fallback_lowres_local|alias_from:nacismus
TUR;nacismus;TUR__nacismus.png;C:\RP\map_generator_godot\build_map\src\HOI4 Flags\TUR_fascism.png;downloaded;local_folder_variant:HOI4 Flags|variant:fascism|local_duplicate_ok
TUR;royal;TUR__royal.svg;https://upload.wikimedia.org/wikipedia/commons/8/8e/Flag_of_the_Ottoman_Empire_%281844%E2%80%931922%29.svg;downloaded;historical_override|alias_from:kralovstvi
UKR;autokracie;UKR__autokracie.png;C:\RP\map_generator_godot\build_map\src\HOI4 Flags\UKR_neutrality.png;downloaded;local_folder_variant:HOI4 Flags|variant:neutrality|local_variant_primary
UKR;demokracie;UKR__demokracie.svg;C:\RP\map_generator_godot\build_map\src\opengs_export\Flags\UKR.svg;downloaded;democracy_from_base_set
UKR;fasismus;UKR__fasismus.png;C:\RP\map_generator_godot\build_map\src\HOI4 Flags\UKR_fascism.png;downloaded;local_folder_variant:HOI4 Flags|variant:fascism|local_variant_primary
UKR;komunismus;UKR__komunismus.png;C:\RP\map_generator_godot\build_map\src\HOI4 Flags\UKR_communism.png;downloaded;local_folder_variant:HOI4 Flags|variant:communism|local_variant_primary
UKR;kralovstvi;UKR__kralovstvi.png;C:\RP\map_generator_godot\build_map\src\HOI4 Flags\UKR_neutrality.png;downloaded;local_folder_variant:HOI4 Flags|variant:neutrality|local_duplicate_ok
UKR;nacismum;UKR__nacismum.png;C:\RP\map_generator_godot\build_map\src\HOI4 Flags\UKR_fascism.png;downloaded;wdqs_history_year:1939:1991-1992|fallback_relaxed_unique|fallback_local_after_error|download_error:Download failed after retries: HTTP Error 429: Too many requests - please contact noc@wikimedia.org to discuss a less disruptive approach or instead use thumbnail images in sizes listed on https://w.wiki/GHai. (0c640b1)|alias_from:nacismus
UKR;nacismus;UKR__nacismus.png;C:\RP\map_generator_godot\build_map\src\HOI4 Flags\UKR_fascism.png;downloaded;local_folder_variant:HOI4 Flags|variant:fascism|local_duplicate_ok
UKR;royal;UKR__royal.png;C:\RP\map_generator_godot\build_map\src\HOI4 Flags\UKR_neutrality.png;downloaded;wdqs_history_year:1880:1991-1992|fallback_local_after_error|download_error:Download failed after retries: HTTP Error 429: Too many requests - please contact noc@wikimedia.org to discuss a less disruptive approach or instead use thumbnail images in sizes listed on https://w.wiki/GHai. (0c640b1)|alias_from:kralovstvi
