province_id;province_name;country_iso3;country_name;population;gdp;gdp_per_capita;gdp_source;gdp_year
0;Adam Epstein Ostrov;AEO;Adam Epstein Ostrov;174122;0.0;0.0;missing_country_gdp;
1;Dibër;ALB;Albania;122187;1.42;1.2e-05;country_total_population_share;2024
2;Kukës;ALB;Albania;81136;0.94;1.2e-05;country_total_population_share;2024
3;Korçë;ALB;Albania;219991;2.56;1.2e-05;country_total_population_share;2024
4;Elbasan;ALB;Albania;288907;3.36;1.2e-05;country_total_population_share;2024
5;Gjirokastër;ALB;Albania;61635;0.72;1.2e-05;country_total_population_share;2024
6;Vlorë;ALB;Albania;206223;2.4;1.2e-05;country_total_population_share;2024
7;Shkodër;ALB;Albania;215203;2.5;1.2e-05;country_total_population_share;2024
8;Fier;ALB;Albania;310427;3.61;1.2e-05;country_total_population_share;2024
9;Tirana;ALB;Albania;1025241;11.91;1.2e-05;country_total_population_share;2024
10;Lezhë;ALB;Albania;130770;1.52;1.2e-05;country_total_population_share;2024
11;Berat;ALB;Albania;128280;1.49;1.2e-05;country_total_population_share;2024
12;Andorra la Vella;AND;Andorra;85000;4.72;5.6e-05;country_total_population_share;2024
13;Lower Austria;AUT;Austria;2202328;145.43;6.6e-05;country_total_population_share;2024
14;Upper Austria;AUT;Austria;1948648;128.67;6.6e-05;country_total_population_share;2024
15;Burgenland;AUT;Austria;384997;25.42;6.6e-05;country_total_population_share;2024
16;Vorarlberg;AUT;Austria;529519;34.97;6.6e-05;country_total_population_share;2024
17;Tyrol;AUT;Austria;990662;65.42;6.6e-05;country_total_population_share;2024
18;Salzburg;AUT;Austria;730162;48.21;6.6e-05;country_total_population_share;2024
19;Carinthia;AUT;Austria;733932;48.46;6.6e-05;country_total_population_share;2024
20;Styria;AUT;Austria;1629752;107.62;6.6e-05;country_total_population_share;2024
21;West Flanders;BEL;Belgium;1241111;79.92;6.4e-05;country_total_population_share;2024
22;Hainaut;BEL;Belgium;1479476;95.27;6.4e-05;country_total_population_share;2024
23;Namur;BEL;Belgium;1249726;80.48;6.4e-05;country_total_population_share;2024
24;Luxembourg;BEL;Belgium;993470;63.98;6.4e-05;country_total_population_share;2024
25;Liège;BEL;Belgium;923355;59.46;6.4e-05;country_total_population_share;2024
26;East Flanders;BEL;Belgium;788504;50.78;6.4e-05;country_total_population_share;2024
27;Antwerp;BEL;Belgium;763051;49.14;6.4e-05;country_total_population_share;2024
28;Limburg;BEL;Belgium;366722;23.62;6.4e-05;country_total_population_share;2024
29;Flemish Brabant;BEL;Belgium;2550590;164.25;6.4e-05;country_total_population_share;2024
30;Walloon Brabant;BEL;Belgium;1463995;94.28;6.4e-05;country_total_population_share;2024
31;Burgas;BGR;Bulgaria;487147;10.76;2.2e-05;country_total_population_share;2024
32;Yambol;BGR;Bulgaria;132058;2.92;2.2e-05;country_total_population_share;2024
33;Haskovo;BGR;Bulgaria;259728;5.73;2.2e-05;country_total_population_share;2024
34;Vidin;BGR;Bulgaria;88359;1.95;2.2e-05;country_total_population_share;2024
35;Pernik;BGR;Bulgaria;137640;3.04;2.2e-05;country_total_population_share;2024
36;Sofia;BGR;Bulgaria;281454;6.21;2.2e-05;country_total_population_share;2024
37;Montana;BGR;Bulgaria;141211;3.12;2.2e-05;country_total_population_share;2024
38;Kyustendil;BGR;Bulgaria;132937;2.94;2.2e-05;country_total_population_share;2024
39;Blagoevgrad;BGR;Bulgaria;358652;7.92;2.2e-05;country_total_population_share;2024
40;Silistra;BGR;Bulgaria;117177;2.59;2.2e-05;country_total_population_share;2024
41;Ruse;BGR;Bulgaria;233094;5.15;2.2e-05;country_total_population_share;2024
42;Dobrich;BGR;Bulgaria;181882;4.02;2.2e-05;country_total_population_share;2024
43;Vratsa;BGR;Bulgaria;182878;4.04;2.2e-05;country_total_population_share;2024
44;Pleven;BGR;Bulgaria;269711;5.96;2.2e-05;country_total_population_share;2024
45;Veliko Tarnovo;BGR;Bulgaria;251031;5.54;2.2e-05;country_total_population_share;2024
46;Kardzhali;BGR;Bulgaria;187232;4.13;2.2e-05;country_total_population_share;2024
47;Smolyan;BGR;Bulgaria;113401;2.5;2.2e-05;country_total_population_share;2024
48;Varna;BGR;Bulgaria;548024;12.1;2.2e-05;country_total_population_share;2024
49;Plovdiv;BGR;Bulgaria;796169;17.58;2.2e-05;country_total_population_share;2024
50;Stara Zagora;BGR;Bulgaria;361661;7.99;2.2e-05;country_total_population_share;2024
51;Sliven;BGR;Bulgaria;212059;4.68;2.2e-05;country_total_population_share;2024
52;Shumen;BGR;Bulgaria;186983;4.13;2.2e-05;country_total_population_share;2024
53;Razgrad;BGR;Bulgaria;124580;2.75;2.2e-05;country_total_population_share;2024
54;Targovishte;BGR;Bulgaria;118663;2.62;2.2e-05;country_total_population_share;2024
55;Gabrovo;BGR;Bulgaria;117513;2.59;2.2e-05;country_total_population_share;2024
56;Pazardzhik;BGR;Bulgaria;279942;6.18;2.2e-05;country_total_population_share;2024
57;Lovech;BGR;Bulgaria;138814;3.07;2.2e-05;country_total_population_share;2024
58;Herzegovina-Neretva Canton;BIH;Bosnia and Herzegovina;117006;1.32;1.1e-05;country_total_population_share;2024
59;Trebinje;BIH;Bosnia and Herzegovina;121724;1.37;1.1e-05;country_total_population_share;2024
60;Foča;BIH;Bosnia and Herzegovina;325209;3.67;1.1e-05;country_total_population_share;2024
61;Banja Luka;BIH;Bosnia and Herzegovina;176786;2.0;1.1e-05;country_total_population_share;2024
62;Una-Sana Canton;BIH;Bosnia and Herzegovina;85237;0.96;1.1e-05;country_total_population_share;2024
63;Doboj;BIH;Bosnia and Herzegovina;74383;0.84;1.1e-05;country_total_population_share;2024
64;Bijeljina;BIH;Bosnia and Herzegovina;192523;2.17;1.1e-05;country_total_population_share;2024
65;Livno;BIH;Bosnia and Herzegovina;55221;0.62;1.1e-05;country_total_population_share;2024
66;West Herzegovina Canton;BIH;Bosnia and Herzegovina;80706;0.91;1.1e-05;country_total_population_share;2024
67;Vlasenica;BIH;Bosnia and Herzegovina;125022;1.41;1.1e-05;country_total_population_share;2024
68;Central Bosnia Canton;BIH;Bosnia and Herzegovina;125306;1.41;1.1e-05;country_total_population_share;2024
69;Zenica-Doboj Canton;BIH;Bosnia and Herzegovina;111711;1.26;1.1e-05;country_total_population_share;2024
70;Tuzla Canton;BIH;Bosnia and Herzegovina;79374;0.9;1.1e-05;country_total_population_share;2024
71;Sarajevo-Romanija;BIH;Bosnia and Herzegovina;51534;0.58;1.1e-05;country_total_population_share;2024
72;Sarajevo Canton;BIH;Bosnia and Herzegovina;1488258;16.8;1.1e-05;country_total_population_share;2024
73;Gomel;BLR;Belarus;1708382;16.91;1e-05;country_total_population_share;2024
74;Brest;BLR;Belarus;1672283;16.55;1e-05;country_total_population_share;2024
75;Vitebsk;BLR;Belarus;1379165;13.65;1e-05;country_total_population_share;2024
76;Grodno;BLR;Belarus;1267007;12.54;1e-05;country_total_population_share;2024
77;Mahilioŭ;BLR;Belarus;1249621;12.37;1e-05;country_total_population_share;2024
78;Minsk;BLR;Belarus;1873542;18.54;1e-05;country_total_population_share;2024
79;Valais;CHE;Switzerland;531791;63.78;0.00012;country_total_population_share;2024
80;Ticino;CHE;Switzerland;546305;65.52;0.00012;country_total_population_share;2024
81;Grisons;CHE;Switzerland;306715;36.78;0.00012;country_total_population_share;2024
82;Thurgau;CHE;Switzerland;427455;51.27;0.00012;country_total_population_share;2024
83;Zürich;CHE;Switzerland;2351573;282.03;0.00012;country_total_population_share;2024
84;Aargau;CHE;Switzerland;1048578;125.76;0.00012;country_total_population_share;2024
85;St. Gallen;CHE;Switzerland;784953;94.14;0.00012;country_total_population_share;2024
86;Solothurn;CHE;Switzerland;422387;50.66;0.00012;country_total_population_share;2024
87;Vaud;CHE;Switzerland;1235561;148.18;0.00012;country_total_population_share;2024
88;Bern;CHE;Switzerland;122368;14.68;0.00012;country_total_population_share;2024
89;Lucerne;CHE;Switzerland;633218;75.94;0.00012;country_total_population_share;2024
90;Uri;CHE;Switzerland;56330;6.76;0.00012;country_total_population_share;2024
91;Fribourg;CHE;Switzerland;492766;59.1;0.00012;country_total_population_share;2024
92;Famagusta;CYP;Cyprus;84268;2.89;3.4e-05;country_total_population_share;2024
93;Nicosia;CYP;Cyprus;590914;20.24;3.4e-05;country_total_population_share;2024
94;Limassol;CYP;Cyprus;425286;14.57;3.4e-05;country_total_population_share;2024
95;Paphos;CYP;Cyprus;159532;5.46;3.4e-05;country_total_population_share;2024
96;Ústí nad Labem;CZE;Czech Republic;926708;35.46;3.8e-05;country_total_population_share;2024
97;Liberec;CZE;Czech Republic;515305;19.72;3.8e-05;country_total_population_share;2024
98;Karlovy Vary;CZE;Czech Republic;336122;12.86;3.8e-05;country_total_population_share;2024
99;Plzeň-;CZE;Czech Republic;704630;26.97;3.8e-05;country_total_population_share;2024
100;South Bohemian;CZE;Czech Republic;748867;28.66;3.8e-05;country_total_population_share;2024
101;Hradec Králové;CZE;Czech Republic;637316;24.39;3.8e-05;country_total_population_share;2024
102;Olomouc;CZE;Czech Republic;723959;27.71;3.8e-05;country_total_population_share;2024
103;Pardubice;CZE;Czech Republic;608136;23.27;3.8e-05;country_total_population_share;2024
104;Moravian-Silesian;CZE;Czech Republic;1363316;52.17;3.8e-05;country_total_population_share;2024
105;South Moravian;CZE;Czech Republic;1409331;53.93;3.8e-05;country_total_population_share;2024
106;Zlín;CZE;Czech Republic;663770;25.4;3.8e-05;country_total_population_share;2024
107;Vysočina;CZE;Czech Republic;593436;22.71;3.8e-05;country_total_population_share;2024
108;Central Bohemian;CZE;Czech Republic;1669104;63.87;3.8e-05;country_total_population_share;2024
109;Saxony;DEU;Germany;4532040;285.43;6.3e-05;country_total_population_share;2024
110;Bavaria;DEU;Germany;14545128;916.06;6.3e-05;country_total_population_share;2024
111;Rhineland-Palatinate;DEU;Germany;4537251;285.76;6.3e-05;country_total_population_share;2024
112;Saarland;DEU;Germany;1127691;71.02;6.3e-05;country_total_population_share;2024
113;Schleswig-Holstein;DEU;Germany;3272881;206.13;6.3e-05;country_total_population_share;2024
114;Lower Saxony;DEU;Germany;8869571;558.61;6.3e-05;country_total_population_share;2024
115;North Rhine-Westphalia;DEU;Germany;19873365;1251.64;6.3e-05;country_total_population_share;2024
116;Baden-Württemberg;DEU;Germany;12305746;775.03;6.3e-05;country_total_population_share;2024
117;Brandenburg;DEU;Germany;2808320;176.87;6.3e-05;country_total_population_share;2024
118;Mecklenburg-Western Pomerania;DEU;Germany;1740815;109.64;6.3e-05;country_total_population_share;2024
119;Hesse;DEU;Germany;6103842;384.43;6.3e-05;country_total_population_share;2024
120;Thuringia;DEU;Germany;2394869;150.83;6.3e-05;country_total_population_share;2024
121;Saxony-Anhalt;DEU;Germany;2488481;156.73;6.3e-05;country_total_population_share;2024
122;Southern Denmark;DNK;Denmark;1164266;97.68;8.4e-05;country_total_population_share;2024
123;Central Denmark;DNK;Denmark;1262266;105.91;8.4e-05;country_total_population_share;2024
124;North Denmark;DNK;Denmark;978258;82.08;8.4e-05;country_total_population_share;2024
125;Zealand;DNK;Denmark;796304;66.81;8.4e-05;country_total_population_share;2024
126;Denmark;DNK;Denmark;1758906;147.57;8.4e-05;country_total_population_share;2024
127;Navarre;ESP;Spain;247323;10.39;4.2e-05;country_total_population_share;2024
128;Gipuzkoa;ESP;Spain;1433290;60.22;4.2e-05;country_total_population_share;2024
129;Huesca;ESP;Spain;544499;22.88;4.2e-05;country_total_population_share;2024
130;Lleida;ESP;Spain;1479396;62.15;4.2e-05;country_total_population_share;2024
131;Girona;ESP;Spain;4545049;190.95;4.2e-05;country_total_population_share;2024
132;Badajoz;ESP;Spain;473496;19.89;4.2e-05;country_total_population_share;2024
133;Cádiz;ESP;Spain;989983;41.59;4.2e-05;country_total_population_share;2024
134;Ourense;ESP;Spain;1156904;48.6;4.2e-05;country_total_population_share;2024
135;Cáceres;ESP;Spain;737258;30.97;4.2e-05;country_total_population_share;2024
136;Salamanca;ESP;Spain;1040631;43.72;4.2e-05;country_total_population_share;2024
137;Zamora;ESP;Spain;492279;20.68;4.2e-05;country_total_population_share;2024
138;Pontevedra;ESP;Spain;645934;27.14;4.2e-05;country_total_population_share;2024
139;Huelva;ESP;Spain;1031628;43.34;4.2e-05;country_total_population_share;2024
140;Barcelona;ESP;Spain;1563295;65.68;4.2e-05;country_total_population_share;2024
141;Tarragona;ESP;Spain;1652547;69.43;4.2e-05;country_total_population_share;2024
142;Castellón;ESP;Spain;1050193;44.12;4.2e-05;country_total_population_share;2024
143;Valencia;ESP;Spain;621308;26.1;4.2e-05;country_total_population_share;2024
144;Alicante;ESP;Spain;1094716;45.99;4.2e-05;country_total_population_share;2024
145;Murcia;ESP;Spain;882015;37.06;4.2e-05;country_total_population_share;2024
146;Almería;ESP;Spain;1567406;65.85;4.2e-05;country_total_population_share;2024
147;Granada;ESP;Spain;985735;41.41;4.2e-05;country_total_population_share;2024
148;Málaga;ESP;Spain;1705530;71.65;4.2e-05;country_total_population_share;2024
149;Seville;ESP;Spain;1052279;44.21;4.2e-05;country_total_population_share;2024
150;A Coruña;ESP;Spain;630811;26.5;4.2e-05;country_total_population_share;2024
151;Lugo;ESP;Spain;675321;28.37;4.2e-05;country_total_population_share;2024
152;Asturias;ESP;Spain;1159275;48.7;4.2e-05;country_total_population_share;2024
153;Cantabria;ESP;Spain;680323;28.58;4.2e-05;country_total_population_share;2024
154;Biscay;ESP;Spain;392786;16.5;4.2e-05;country_total_population_share;2024
155;Santa Cruz de Tenerife;ESP;Spain;457193;19.21;4.2e-05;country_total_population_share;2024
156;Las Palmas;ESP;Spain;557853;23.44;4.2e-05;country_total_population_share;2024
157;Balearic Islands;ESP;Spain;1572263;66.06;4.2e-05;country_total_population_share;2024
158;Zaragoza;ESP;Spain;271676;11.41;4.2e-05;country_total_population_share;2024
159;La Rioja;ESP;Spain;373073;15.67;4.2e-05;country_total_population_share;2024
160;Araba / Álava;ESP;Spain;1385405;58.2;4.2e-05;country_total_population_share;2024
161;Albacete;ESP;Spain;487762;20.49;4.2e-05;country_total_population_share;2024
162;Teruel;ESP;Spain;733892;30.83;4.2e-05;country_total_population_share;2024
163;Cuenca;ESP;Spain;503055;21.13;4.2e-05;country_total_population_share;2024
164;Toledo;ESP;Spain;511469;21.49;4.2e-05;country_total_population_share;2024
165;León;ESP;Spain;1008346;42.36;4.2e-05;country_total_population_share;2024
166;Soria;ESP;Spain;1352845;56.84;4.2e-05;country_total_population_share;2024
167;Burgos;ESP;Spain;824008;34.62;4.2e-05;country_total_population_share;2024
168;Ávila;ESP;Spain;817362;34.34;4.2e-05;country_total_population_share;2024
169;Palencia;ESP;Spain;1756751;73.81;4.2e-05;country_total_population_share;2024
170;Ciudad Real;ESP;Spain;457747;19.23;4.2e-05;country_total_population_share;2024
171;Córdoba;ESP;Spain;1520759;63.89;4.2e-05;country_total_population_share;2024
172;Guadalajara;ESP;Spain;453738;19.06;4.2e-05;country_total_population_share;2024
173;Jaén;ESP;Spain;1059600;44.52;4.2e-05;country_total_population_share;2024
174;Community of Madrid;ESP;Spain;718999;30.21;4.2e-05;country_total_population_share;2024
175;Segovia;ESP;Spain;826978;34.74;4.2e-05;country_total_population_share;2024
176;Valladolid;ESP;Spain;418016;17.56;4.2e-05;country_total_population_share;2024
177;Viljandi;EST;Estonia;45516;1.7;3.7e-05;country_total_population_share;2024
178;Pärnu;EST;Estonia;87186;3.25;3.7e-05;country_total_population_share;2024
179;Valga;EST;Estonia;27851;1.04;3.7e-05;country_total_population_share;2024
180;Võru;EST;Estonia;33959;1.27;3.7e-05;country_total_population_share;2024
181;Ida-Viru;EST;Estonia;133003;4.96;3.7e-05;country_total_population_share;2024
182;Põlva;EST;Estonia;23973;0.89;3.7e-05;country_total_population_share;2024
183;Tartu;EST;Estonia;161958;6.03;3.7e-05;country_total_population_share;2024
184;Jõgeva;EST;Estonia;27666;1.03;3.7e-05;country_total_population_share;2024
185;Lääne;EST;Estonia;20571;0.77;3.7e-05;country_total_population_share;2024
186;Harju;EST;Estonia;644592;24.01;3.7e-05;country_total_population_share;2024
187;Lääne-Viru;EST;Estonia;59450;2.21;3.7e-05;country_total_population_share;2024
188;Saare;EST;Estonia;31937;1.19;3.7e-05;country_total_population_share;2024
189;Hiiu;EST;Estonia;8397;0.31;3.7e-05;country_total_population_share;2024
190;Rapla;EST;Estonia;33948;1.26;3.7e-05;country_total_population_share;2024
191;Järva;EST;Estonia;29993;1.12;3.7e-05;country_total_population_share;2024
192;Lapland;FIN;Finland;157681;9.43;6e-05;country_total_population_share;2024
193;Northern Ostrobothnia;FIN;Finland;571241;34.17;6e-05;country_total_population_share;2024
194;Kainuu;FIN;Finland;63964;3.83;6e-05;country_total_population_share;2024
195;North Karelia;FIN;Finland;145955;8.73;6e-05;country_total_population_share;2024
196;South Karelia;FIN;Finland;112527;6.73;6e-05;country_total_population_share;2024
197;Kymenlaakso;FIN;Finland;145304;8.69;6e-05;country_total_population_share;2024
198;Uusimaa;FIN;Finland;1521028;90.97;6e-05;country_total_population_share;2024
199;Finland Proper;FIN;Finland;196177;11.73;6e-05;country_total_population_share;2024
200;Satakunta;FIN;Finland;192159;11.49;6e-05;country_total_population_share;2024
201;Ostrobothnia;FIN;Finland;156887;9.38;6e-05;country_total_population_share;2024
202;Central Ostrobothnia;FIN;Finland;60656;3.63;6e-05;country_total_population_share;2024
203;Northern Savonia;FIN;Finland;447534;26.77;6e-05;country_total_population_share;2024
204;Southern Savonia;FIN;Finland;452673;27.07;6e-05;country_total_population_share;2024
205;Central Finland;FIN;Finland;243196;14.55;6e-05;country_total_population_share;2024
206;Southern Ostrobothnia;FIN;Finland;351296;21.01;6e-05;country_total_population_share;2024
207;Pirkanmaa;FIN;Finland;467209;27.94;6e-05;country_total_population_share;2024
208;Tavastia Proper;FIN;Finland;140821;8.42;6e-05;country_total_population_share;2024
209;Päijänne Tavastia;FIN;Finland;183692;10.99;6e-05;country_total_population_share;2024
210;Nord;FRA;France;1122359;58.39;5.2e-05;country_total_population_share;2024
211;Ardennes;FRA;France;731427;38.05;5.2e-05;country_total_population_share;2024
212;Aisne;FRA;France;1307476;68.02;5.2e-05;country_total_population_share;2024
213;Meuse;FRA;France;539938;28.09;5.2e-05;country_total_population_share;2024
214;Meurthe-et-Moselle;FRA;France;616862;32.09;5.2e-05;country_total_population_share;2024
215;Moselle;FRA;France;444829;23.14;5.2e-05;country_total_population_share;2024
216;Alpes-Maritimes;FRA;France;1004741;52.27;5.2e-05;country_total_population_share;2024
217;Alpes-de-Haute-Provence;FRA;France;827334;43.04;5.2e-05;country_total_population_share;2024
218;Hautes-Alpes;FRA;France;905782;47.12;5.2e-05;country_total_population_share;2024
219;Savoie;FRA;France;536815;27.93;5.2e-05;country_total_population_share;2024
220;Haute-Savoie;FRA;France;840528;43.73;5.2e-05;country_total_population_share;2024
221;Pyrenees-Atlantics;FRA;France;535365;27.85;5.2e-05;country_total_population_share;2024
222;Haute-Garonne;FRA;France;381777;19.86;5.2e-05;country_total_population_share;2024
223;Hautes-Pyrénées;FRA;France;412998;21.49;5.2e-05;country_total_population_share;2024
224;Ariège;FRA;France;360701;18.77;5.2e-05;country_total_population_share;2024
225;Pyrénées-Orientales;FRA;France;388606;20.22;5.2e-05;country_total_population_share;2024
226;Bas-Rhin;FRA;France;375691;19.55;5.2e-05;country_total_population_share;2024
227;Haut-Rhin;FRA;France;595680;30.99;5.2e-05;country_total_population_share;2024
228;Doubs;FRA;France;387464;20.16;5.2e-05;country_total_population_share;2024
229;Ain;FRA;France;561420;29.21;5.2e-05;country_total_population_share;2024
230;Jura;FRA;France;408003;21.23;5.2e-05;country_total_population_share;2024
231;Var;FRA;France;781423;40.65;5.2e-05;country_total_population_share;2024
232;Bouches-du-Rhône;FRA;France;869425;45.23;5.2e-05;country_total_population_share;2024
233;Gard;FRA;France;496143;25.81;5.2e-05;country_total_population_share;2024
234;Hérault;FRA;France;508316;26.45;5.2e-05;country_total_population_share;2024
235;Aude;FRA;France;708606;36.87;5.2e-05;country_total_population_share;2024
236;Landes;FRA;France;795455;41.38;5.2e-05;country_total_population_share;2024
237;Gironde;FRA;France;563989;29.34;5.2e-05;country_total_population_share;2024
238;Charente-Maritime;FRA;France;549360;28.58;5.2e-05;country_total_population_share;2024
239;Vendée;FRA;France;900463;46.85;5.2e-05;country_total_population_share;2024
240;Loire-Atlantique;FRA;France;898942;46.77;5.2e-05;country_total_population_share;2024
241;Morbihan;FRA;France;828201;43.09;5.2e-05;country_total_population_share;2024
242;Finistère;FRA;France;865836;45.05;5.2e-05;country_total_population_share;2024
243;Côtes-d'Armor;FRA;France;825897;42.97;5.2e-05;country_total_population_share;2024
244;Ille-et-Vilaine;FRA;France;753072;39.18;5.2e-05;country_total_population_share;2024
245;Manche;FRA;France;663959;34.54;5.2e-05;country_total_population_share;2024
246;Calvados;FRA;France;702023;36.52;5.2e-05;country_total_population_share;2024
247;Eure;FRA;France;718235;37.37;5.2e-05;country_total_population_share;2024
248;Seine-Maritime;FRA;France;720863;37.5;5.2e-05;country_total_population_share;2024
249;Somme;FRA;France;1407559;73.23;5.2e-05;country_total_population_share;2024
250;Pas-de-Calais;FRA;France;1029915;53.58;5.2e-05;country_total_population_share;2024
251;Haute-Corse;FRA;France;527521;27.44;5.2e-05;country_total_population_share;2024
252;Corse-du-Sud;FRA;France;779853;40.57;5.2e-05;country_total_population_share;2024
253;Gers;FRA;France;449860;23.4;5.2e-05;country_total_population_share;2024
254;Haute-Vienne;FRA;France;502194;26.13;5.2e-05;country_total_population_share;2024
255;Corrèze;FRA;France;337500;17.56;5.2e-05;country_total_population_share;2024
256;Tarn-et-Garonne;FRA;France;472939;24.6;5.2e-05;country_total_population_share;2024
257;Tarn;FRA;France;612874;31.89;5.2e-05;country_total_population_share;2024
258;Isère;FRA;France;722230;37.57;5.2e-05;country_total_population_share;2024
259;Drôme;FRA;France;917477;47.73;5.2e-05;country_total_population_share;2024
260;Aveyron;FRA;France;421800;21.94;5.2e-05;country_total_population_share;2024
261;Lot;FRA;France;493675;25.68;5.2e-05;country_total_population_share;2024
262;Indre-et-Loire;FRA;France;489096;25.45;5.2e-05;country_total_population_share;2024
263;Indre;FRA;France;453914;23.62;5.2e-05;country_total_population_share;2024
264;Loir-et-Cher;FRA;France;406792;21.16;5.2e-05;country_total_population_share;2024
265;Creuse;FRA;France;453408;23.59;5.2e-05;country_total_population_share;2024
266;Mayenne;FRA;France;844131;43.92;5.2e-05;country_total_population_share;2024
267;Sarthe;FRA;France;512057;26.64;5.2e-05;country_total_population_share;2024
268;Vaucluse;FRA;France;927164;48.24;5.2e-05;country_total_population_share;2024
269;Haute-Marne;FRA;France;783767;40.78;5.2e-05;country_total_population_share;2024
270;Marne;FRA;France;880167;45.79;5.2e-05;country_total_population_share;2024
271;Dordogne;FRA;France;304155;15.82;5.2e-05;country_total_population_share;2024
272;Rhône;FRA;France;660793;34.38;5.2e-05;country_total_population_share;2024
273;Vosges;FRA;France;578043;30.07;5.2e-05;country_total_population_share;2024
274;Ardèche;FRA;France;556097;28.93;5.2e-05;country_total_population_share;2024
275;Loire;FRA;France;838803;43.64;5.2e-05;country_total_population_share;2024
276;Puy-de-Dôme;FRA;France;787266;40.96;5.2e-05;country_total_population_share;2024
277;Allier;FRA;France;727571;37.85;5.2e-05;country_total_population_share;2024
278;Loiret;FRA;France;511173;26.59;5.2e-05;country_total_population_share;2024
279;Maine-et-Loire;FRA;France;832832;43.33;5.2e-05;country_total_population_share;2024
280;Aube;FRA;France;170209;8.86;5.2e-05;country_total_population_share;2024
281;Val-d'Oise;FRA;France;1417217;73.73;5.2e-05;country_total_population_share;2024
282;Yvelines;FRA;France;3237526;168.43;5.2e-05;country_total_population_share;2024
283;Charente;FRA;France;602266;31.33;5.2e-05;country_total_population_share;2024
284;Cher;FRA;France;423215;22.02;5.2e-05;country_total_population_share;2024
285;Eure-et-Loir;FRA;France;370088;19.25;5.2e-05;country_total_population_share;2024
286;Haute-Loire;FRA;France;642011;33.4;5.2e-05;country_total_population_share;2024
287;Cantal;FRA;France;602708;31.36;5.2e-05;country_total_population_share;2024
288;Lot-et-Garonne;FRA;France;448916;23.36;5.2e-05;country_total_population_share;2024
289;Lozère;FRA;France;543629;28.28;5.2e-05;country_total_population_share;2024
290;Nièvre;FRA;France;564100;29.35;5.2e-05;country_total_population_share;2024
291;Côte-d’Or;FRA;France;404176;21.03;5.2e-05;country_total_population_share;2024
292;Oise;FRA;France;1300488;67.66;5.2e-05;country_total_population_share;2024
293;Orne;FRA;France;627998;32.67;5.2e-05;country_total_population_share;2024
294;Haute-Saône;FRA;France;557384;29.0;5.2e-05;country_total_population_share;2024
295;Saône-et-Loire;FRA;France;412956;21.48;5.2e-05;country_total_population_share;2024
296;Deux-Sèvres;FRA;France;578678;30.11;5.2e-05;country_total_population_share;2024
297;Vienne;FRA;France;614207;31.95;5.2e-05;country_total_population_share;2024
298;Yonne;FRA;France;148835;7.74;5.2e-05;country_total_population_share;2024
299;Essonne;FRA;France;3550373;184.71;5.2e-05;country_total_population_share;2024
300;Seine-et-Marne;FRA;France;4524390;235.38;5.2e-05;country_total_population_share;2024
301;Strabane;GBR;United Kingdom;981388;60.72;6.2e-05;country_total_population_share;2024
302;Fermanagh;GBR;United Kingdom;505845;31.3;6.2e-05;country_total_population_share;2024
303;Wrexham;GBR;United Kingdom;832744;51.52;6.2e-05;country_total_population_share;2024
304;Shropshire;GBR;United Kingdom;2047924;126.7;6.2e-05;country_total_population_share;2024
305;Powys;GBR;United Kingdom;729651;45.14;6.2e-05;country_total_population_share;2024
306;Herefordshire;GBR;United Kingdom;1583395;97.96;6.2e-05;country_total_population_share;2024
307;Gloucestershire;GBR;United Kingdom;3200953;198.04;6.2e-05;country_total_population_share;2024
308;Scottish Borders;GBR;United Kingdom;409537;25.34;6.2e-05;country_total_population_share;2024
309;Northumberland;GBR;United Kingdom;2627980;162.59;6.2e-05;country_total_population_share;2024
310;Cumbria;GBR;United Kingdom;2489039;153.99;6.2e-05;country_total_population_share;2024
311;Dumfries and Galloway;GBR;United Kingdom;234519;14.51;6.2e-05;country_total_population_share;2024
312;Stirling;GBR;United Kingdom;302854;18.74;6.2e-05;country_total_population_share;2024
313;Durham;GBR;United Kingdom;3836789;237.38;6.2e-05;country_total_population_share;2024
314;North Yorkshire;GBR;United Kingdom;1120494;69.32;6.2e-05;country_total_population_share;2024
315;East Riding of Yorkshire;GBR;United Kingdom;1058207;65.47;6.2e-05;country_total_population_share;2024
316;North East Lincolnshire;GBR;United Kingdom;2574533;159.28;6.2e-05;country_total_population_share;2024
317;Lincolnshire;GBR;United Kingdom;2157857;133.5;6.2e-05;country_total_population_share;2024
318;Norfolk;GBR;United Kingdom;1584756;98.05;6.2e-05;country_total_population_share;2024
319;Suffolk;GBR;United Kingdom;1840900;113.89;6.2e-05;country_total_population_share;2024
320;Essex;GBR;United Kingdom;1785267;110.45;6.2e-05;country_total_population_share;2024
321;Kent;GBR;United Kingdom;830242;51.37;6.2e-05;country_total_population_share;2024
322;East Sussex;GBR;United Kingdom;914048;56.55;6.2e-05;country_total_population_share;2024
323;West Sussex;GBR;United Kingdom;2150151;133.03;6.2e-05;country_total_population_share;2024
324;Hampshire;GBR;United Kingdom;1165789;72.13;6.2e-05;country_total_population_share;2024
325;Dorset;GBR;United Kingdom;2605084;161.17;6.2e-05;country_total_population_share;2024
326;Devon;GBR;United Kingdom;1499065;92.75;6.2e-05;country_total_population_share;2024
327;Cornwall;GBR;United Kingdom;1641287;101.54;6.2e-05;country_total_population_share;2024
328;Somerset;GBR;United Kingdom;1068365;66.1;6.2e-05;country_total_population_share;2024
329;Carmarthenshire;GBR;United Kingdom;242944;15.03;6.2e-05;country_total_population_share;2024
330;Pembrokeshire;GBR;United Kingdom;284070;17.58;6.2e-05;country_total_population_share;2024
331;Ceredigion;GBR;United Kingdom;460433;28.49;6.2e-05;country_total_population_share;2024
332;Gwynedd;GBR;United Kingdom;185371;11.47;6.2e-05;country_total_population_share;2024
333;Conwy;GBR;United Kingdom;431391;26.69;6.2e-05;country_total_population_share;2024
334;Lancashire;GBR;United Kingdom;623959;38.6;6.2e-05;country_total_population_share;2024
335;South Ayrshire;GBR;United Kingdom;574476;35.54;6.2e-05;country_total_population_share;2024
336;Argyll and Bute;GBR;United Kingdom;1675588;103.67;6.2e-05;country_total_population_share;2024
337;Highland;GBR;United Kingdom;203198;12.57;6.2e-05;country_total_population_share;2024
338;Moray;GBR;United Kingdom;507972;31.43;6.2e-05;country_total_population_share;2024
339;Aberdeenshire;GBR;United Kingdom;193963;12.0;6.2e-05;country_total_population_share;2024
340;Angus;GBR;United Kingdom;437986;27.1;6.2e-05;country_total_population_share;2024
341;Perth and Kinross;GBR;United Kingdom;130147;8.05;6.2e-05;country_total_population_share;2024
342;Fife;GBR;United Kingdom;252901;15.65;6.2e-05;country_total_population_share;2024
343;Outer Hebrides;GBR;United Kingdom;133368;8.25;6.2e-05;country_total_population_share;2024
344;Shetland Islands;GBR;United Kingdom;126877;7.85;6.2e-05;country_total_population_share;2024
345;East Ayrshire;GBR;United Kingdom;165101;10.21;6.2e-05;country_total_population_share;2024
346;South Lanarkshire;GBR;United Kingdom;116560;7.21;6.2e-05;country_total_population_share;2024
347;Omagh;GBR;United Kingdom;437215;27.05;6.2e-05;country_total_population_share;2024
348;Hertfordshire;GBR;United Kingdom;1605240;99.31;6.2e-05;country_total_population_share;2024
349;Cambridgeshire;GBR;United Kingdom;928884;57.47;6.2e-05;country_total_population_share;2024
350;Buckinghamshire;GBR;United Kingdom;989251;61.2;6.2e-05;country_total_population_share;2024
351;Nottinghamshire;GBR;United Kingdom;1217402;75.32;6.2e-05;country_total_population_share;2024
352;Northamptonshire;GBR;United Kingdom;972878;60.19;6.2e-05;country_total_population_share;2024
353;Leicestershire;GBR;United Kingdom;612241;37.88;6.2e-05;country_total_population_share;2024
354;Cheshire East;GBR;United Kingdom;1223790;75.71;6.2e-05;country_total_population_share;2024
355;Derbyshire;GBR;United Kingdom;1391643;86.1;6.2e-05;country_total_population_share;2024
356;Staffordshire;GBR;United Kingdom;840648;52.01;6.2e-05;country_total_population_share;2024
357;Worcestershire;GBR;United Kingdom;1011549;62.58;6.2e-05;country_total_population_share;2024
358;Warwickshire;GBR;United Kingdom;1163233;71.97;6.2e-05;country_total_population_share;2024
359;Oxfordshire;GBR;United Kingdom;799266;49.45;6.2e-05;country_total_population_share;2024
360;Surrey;GBR;United Kingdom;1372107;84.89;6.2e-05;country_total_population_share;2024
361;Wiltshire;GBR;United Kingdom;3209685;198.58;6.2e-05;country_total_population_share;2024
362;Abkhazia;GEO;Georgia;616547;6.64;1.1e-05;country_total_population_share;2024
363;Samegrelo-Zemo Svaneti;GEO;Georgia;683413;7.36;1.1e-05;country_total_population_share;2024
364;Shida Kartli;GEO;Georgia;563076;6.07;1.1e-05;country_total_population_share;2024
365;Racha-Lechkhumi and Kvemo Svaneti;GEO;Georgia;71109;0.77;1.1e-05;country_total_population_share;2024
366;Samtskhe–Javakheti;GEO;Georgia;334832;3.61;1.1e-05;country_total_population_share;2024
367;Adjara;GEO;Georgia;156709;1.69;1.1e-05;country_total_population_share;2024
368;Guria;GEO;Georgia;237330;2.56;1.1e-05;country_total_population_share;2024
369;Imereti;GEO;Georgia;1066984;11.49;1.1e-05;country_total_population_share;2024
370;West Macedonia;GRC;Greece;746187;21.87;2.9e-05;country_total_population_share;2024
371;Epirus;GRC;Greece;302031;8.85;2.9e-05;country_total_population_share;2024
372;Centre Macedonia;GRC;Greece;1694879;49.68;2.9e-05;country_total_population_share;2024
373;East Macedonia and Thrace;GRC;Greece;530646;15.55;2.9e-05;country_total_population_share;2024
374;Thessalia;GRC;Greece;649624;19.04;2.9e-05;country_total_population_share;2024
375;Central Greece;GRC;Greece;479727;14.06;2.9e-05;country_total_population_share;2024
376;Attica;GRC;Greece;3599982;105.52;2.9e-05;country_total_population_share;2024
377;Peloponnese;GRC;Greece;509252;14.93;2.9e-05;country_total_population_share;2024
378;West Greece;GRC;Greece;611836;17.93;2.9e-05;country_total_population_share;2024
379;Crete;GRC;Greece;589361;17.28;2.9e-05;country_total_population_share;2024
380;South Aegean;GRC;Greece;309420;9.07;2.9e-05;country_total_population_share;2024
381;North Aegean;GRC;Greece;184002;5.39;2.9e-05;country_total_population_share;2024
382;Ionian Islands;GRC;Greece;193053;5.66;2.9e-05;country_total_population_share;2024
383;Virovitica-Podravina;HRV;Croatia;99951;2.94;2.9e-05;country_total_population_share;2024
384;Koprivnica-Križevci;HRV;Croatia;136178;4.0;2.9e-05;country_total_population_share;2024
385;Osijek-Baranja;HRV;Croatia;359378;10.56;2.9e-05;country_total_population_share;2024
386;Istria;HRV;Croatia;230021;6.76;2.9e-05;country_total_population_share;2024
387;Dubrovnik-Neretva;HRV;Croatia;136505;4.01;2.9e-05;country_total_population_share;2024
388;Sisak-Moslavina;HRV;Croatia;218417;6.42;2.9e-05;country_total_population_share;2024
389;Brod-Posavina;HRV;Croatia;186828;5.49;2.9e-05;country_total_population_share;2024
390;Karlovac;HRV;Croatia;151865;4.46;2.9e-05;country_total_population_share;2024
391;Zadar;HRV;Croatia;188231;5.53;2.9e-05;country_total_population_share;2024
392;Vukovar-Syrmia;HRV;Croatia;211506;6.21;2.9e-05;country_total_population_share;2024
393;Split-Dalmatia;HRV;Croatia;498842;14.66;2.9e-05;country_total_population_share;2024
394;Varaždin;HRV;Croatia;207299;6.09;2.9e-05;country_total_population_share;2024
395;Krapina-Zagorje;HRV;Croatia;142207;4.18;2.9e-05;country_total_population_share;2024
396;Zagreb;HRV;Croatia;374234;11.0;2.9e-05;country_total_population_share;2024
397;Primorje-Gorski;HRV;Croatia;312707;9.19;2.9e-05;country_total_population_share;2024
398;Šibenik-Knin;HRV;Croatia;128862;3.79;2.9e-05;country_total_population_share;2024
399;Lika-Senj;HRV;Croatia;50365;1.48;2.9e-05;country_total_population_share;2024
400;Bjelovar-Bilogora;HRV;Croatia;141102;4.15;2.9e-05;country_total_population_share;2024
401;Požega-Slavonia;HRV;Croatia;75502;2.22;2.9e-05;country_total_population_share;2024
402;Szabolcs-Szatmár-Bereg;HUN;Hungary;663974;18.71;2.8e-05;country_total_population_share;2024
403;Békés;HUN;Hungary;395367;11.14;2.8e-05;country_total_population_share;2024
404;Hajdú-Bihar;HUN;Hungary;651131;18.35;2.8e-05;country_total_population_share;2024
405;Csongrád-Csanád;HUN;Hungary;490641;13.82;2.8e-05;country_total_population_share;2024
406;Győr-Moson-Sopron;HUN;Hungary;584410;16.47;2.8e-05;country_total_population_share;2024
407;Vas;HUN;Hungary;312951;8.82;2.8e-05;country_total_population_share;2024
408;Bács-Kiskun;HUN;Hungary;621251;17.5;2.8e-05;country_total_population_share;2024
409;Zala;HUN;Hungary;327108;9.22;2.8e-05;country_total_population_share;2024
410;Somogy;HUN;Hungary;368084;10.37;2.8e-05;country_total_population_share;2024
411;Baranya;HUN;Hungary;444031;12.51;2.8e-05;country_total_population_share;2024
412;Borsod-Abaúj-Zemplén;HUN;Hungary;781425;22.02;2.8e-05;country_total_population_share;2024
413;Nógrád;HUN;Hungary;228849;6.45;2.8e-05;country_total_population_share;2024
414;Komárom-Esztergom;HUN;Hungary;377066;10.62;2.8e-05;country_total_population_share;2024
415;Pest;HUN;Hungary;1672577;47.13;2.8e-05;country_total_population_share;2024
416;Jász-Nagykun-Szolnok;HUN;Hungary;446273;12.57;2.8e-05;country_total_population_share;2024
417;Fejér;HUN;Hungary;526352;14.83;2.8e-05;country_total_population_share;2024
418;Veszprém;HUN;Hungary;69133;1.95;2.8e-05;country_total_population_share;2024
419;Tolna;HUN;Hungary;260797;7.35;2.8e-05;country_total_population_share;2024
420;Heves;HUN;Hungary;358580;10.1;2.8e-05;country_total_population_share;2024
421;Donegal;IRL;Ireland;133622;18.77;0.00014;country_total_population_share;2024
422;Leitrim;IRL;Ireland;156279;21.95;0.00014;country_total_population_share;2024
423;Cavan;IRL;Ireland;170245;23.91;0.00014;country_total_population_share;2024
424;Monaghan;IRL;Ireland;239063;33.58;0.00014;country_total_population_share;2024
425;Wicklow;IRL;Ireland;268046;37.65;0.00014;country_total_population_share;2024
426;Wexford;IRL;Ireland;173209;24.33;0.00014;country_total_population_share;2024
427;Kilkenny;IRL;Ireland;148189;20.82;0.00014;country_total_population_share;2024
428;Waterford;IRL;Ireland;183245;25.74;0.00014;country_total_population_share;2024
429;Cork;IRL;Ireland;842298;118.32;0.00014;country_total_population_share;2024
430;Kerry;IRL;Ireland;224444;31.53;0.00014;country_total_population_share;2024
431;Limerick;IRL;Ireland;237544;33.37;0.00014;country_total_population_share;2024
432;Clare;IRL;Ireland;502493;70.59;0.00014;country_total_population_share;2024
433;Galway;IRL;Ireland;458584;64.42;0.00014;country_total_population_share;2024
434;Mayo;IRL;Ireland;151475;21.28;0.00014;country_total_population_share;2024
435;Sligo;IRL;Ireland;193657;27.2;0.00014;country_total_population_share;2024
436;Meath;IRL;Ireland;142091;19.96;0.00014;country_total_population_share;2024
437;Kildare;IRL;Ireland;140731;19.77;0.00014;country_total_population_share;2024
438;Laois;IRL;Ireland;167357;23.51;0.00014;country_total_population_share;2024
439;Offaly;IRL;Ireland;153796;21.6;0.00014;country_total_population_share;2024
440;Westmeath;IRL;Ireland;91688;12.88;0.00014;country_total_population_share;2024
441;Longford;IRL;Ireland;206775;29.05;0.00014;country_total_population_share;2024
442;Roscommon;IRL;Ireland;179852;25.26;0.00014;country_total_population_share;2024
443;Tipperary;IRL;Ireland;175317;24.63;0.00014;country_total_population_share;2024
444;Austurland;ISL;Iceland;79545;9.08;0.000114;country_total_population_share;2024
445;Southern;ISL;Iceland;93517;10.68;0.000114;country_total_population_share;2024
446;Western;ISL;Iceland;57762;6.6;0.000114;country_total_population_share;2024
447;Westfjords;ISL;Iceland;24299;2.78;0.000114;country_total_population_share;2024
448;Northwestern;ISL;Iceland;24112;2.75;0.000114;country_total_population_share;2024
449;Northeastern;ISL;Iceland;100765;11.51;0.000114;country_total_population_share;2024
450;Aosta;ITA;Italy;87719;4.02;4.6e-05;country_total_population_share;2024
451;Verbano-Cusio-Ossola;ITA;Italy;449505;20.62;4.6e-05;country_total_population_share;2024
452;Varese;ITA;Italy;222429;10.2;4.6e-05;country_total_population_share;2024
453;Como;ITA;Italy;501994;23.02;4.6e-05;country_total_population_share;2024
454;Sondrio;ITA;Italy;641169;29.41;4.6e-05;country_total_population_share;2024
455;Trentino-South Tyrol;ITA;Italy;748473;34.33;4.6e-05;country_total_population_share;2024
456;Imperia;ITA;Italy;244017;11.19;4.6e-05;country_total_population_share;2024
457;Cuneo;ITA;Italy;1370277;62.85;4.6e-05;country_total_population_share;2024
458;Turin;ITA;Italy;1380376;63.31;4.6e-05;country_total_population_share;2024
459;Pesaro and Urbino;ITA;Italy;685049;31.42;4.6e-05;country_total_population_share;2024
460;Belluno;ITA;Italy;731547;33.55;4.6e-05;country_total_population_share;2024
461;Udine;ITA;Italy;1020907;46.83;4.6e-05;country_total_population_share;2024
462;Venice;ITA;Italy;421382;19.33;4.6e-05;country_total_population_share;2024
463;Padua;ITA;Italy;409761;18.79;4.6e-05;country_total_population_share;2024
464;Rovigo;ITA;Italy;356682;16.36;4.6e-05;country_total_population_share;2024
465;Ferrara;ITA;Italy;530862;24.35;4.6e-05;country_total_population_share;2024
466;Ravenna;ITA;Italy;368447;16.9;4.6e-05;country_total_population_share;2024
467;Forlì-Cesena;ITA;Italy;466310;21.39;4.6e-05;country_total_population_share;2024
468;Ancona;ITA;Italy;398407;18.27;4.6e-05;country_total_population_share;2024
469;Macerata;ITA;Italy;549437;25.2;4.6e-05;country_total_population_share;2024
470;Ascoli Piceno;ITA;Italy;411607;18.88;4.6e-05;country_total_population_share;2024
471;Teramo;ITA;Italy;394309;18.09;4.6e-05;country_total_population_share;2024
472;Pescara;ITA;Italy;242304;11.11;4.6e-05;country_total_population_share;2024
473;Chieti;ITA;Italy;511029;23.44;4.6e-05;country_total_population_share;2024
474;Campobasso;ITA;Italy;588916;27.01;4.6e-05;country_total_population_share;2024
475;Foggia;ITA;Italy;1371465;62.9;4.6e-05;country_total_population_share;2024
476;Barletta-Andria-Trani;ITA;Italy;317670;14.57;4.6e-05;country_total_population_share;2024
477;Bari;ITA;Italy;769062;35.27;4.6e-05;country_total_population_share;2024
478;Brindisi;ITA;Italy;366921;16.83;4.6e-05;country_total_population_share;2024
479;Lecce;ITA;Italy;549802;25.22;4.6e-05;country_total_population_share;2024
480;Taranto;ITA;Italy;476551;21.86;4.6e-05;country_total_population_share;2024
481;Matera;ITA;Italy;680176;31.2;4.6e-05;country_total_population_share;2024
482;Cosenza;ITA;Italy;1329411;60.98;4.6e-05;country_total_population_share;2024
483;Crotone;ITA;Italy;344062;15.78;4.6e-05;country_total_population_share;2024
484;Catanzaro;ITA;Italy;468033;21.47;4.6e-05;country_total_population_share;2024
485;Reggio Calabria;ITA;Italy;623293;28.59;4.6e-05;country_total_population_share;2024
486;Vibo Valentia;ITA;Italy;228980;10.5;4.6e-05;country_total_population_share;2024
487;Potenza;ITA;Italy;1314218;60.28;4.6e-05;country_total_population_share;2024
488;Salerno;ITA;Italy;965275;44.27;4.6e-05;country_total_population_share;2024
489;Naples;ITA;Italy;227364;10.43;4.6e-05;country_total_population_share;2024
490;Caserta;ITA;Italy;526437;24.15;4.6e-05;country_total_population_share;2024
491;Latina;ITA;Italy;433303;19.87;4.6e-05;country_total_population_share;2024
492;Rome;ITA;Italy;1060385;48.64;4.6e-05;country_total_population_share;2024
493;Viterbo;ITA;Italy;718441;32.95;4.6e-05;country_total_population_share;2024
494;Grosseto;ITA;Italy;888601;40.76;4.6e-05;country_total_population_share;2024
495;Livorno;ITA;Italy;241137;11.06;4.6e-05;country_total_population_share;2024
496;Pisa;ITA;Italy;481722;22.09;4.6e-05;country_total_population_share;2024
497;Lucca;ITA;Italy;608553;27.91;4.6e-05;country_total_population_share;2024
498;Massa-Carrara;ITA;Italy;396309;18.18;4.6e-05;country_total_population_share;2024
499;Liguria;ITA;Italy;1082382;49.65;4.6e-05;country_total_population_share;2024
500;Savona;ITA;Italy;311907;14.31;4.6e-05;country_total_population_share;2024
501;Trapani;ITA;Italy;491908;22.56;4.6e-05;country_total_population_share;2024
502;Messina;ITA;Italy;652448;29.93;4.6e-05;country_total_population_share;2024
503;Palermo;ITA;Italy;1009092;46.28;4.6e-05;country_total_population_share;2024
504;Agrigento;ITA;Italy;596359;27.35;4.6e-05;country_total_population_share;2024
505;Caltanissetta;ITA;Italy;419082;19.22;4.6e-05;country_total_population_share;2024
506;Ragusa;ITA;Italy;319561;14.66;4.6e-05;country_total_population_share;2024
507;Syracuse;ITA;Italy;428532;19.66;4.6e-05;country_total_population_share;2024
508;Catania;ITA;Italy;704981;32.34;4.6e-05;country_total_population_share;2024
509;Carbonia-Iglesias;ITA;Italy;295805;13.57;4.6e-05;country_total_population_share;2024
510;Sassari;ITA;Italy;855284;39.23;4.6e-05;country_total_population_share;2024
511;Nuoro;ITA;Italy;779597;35.76;4.6e-05;country_total_population_share;2024
512;Olbia-Tempio;ITA;Italy;670649;30.76;4.6e-05;country_total_population_share;2024
513;Oristano;ITA;Italy;603879;27.7;4.6e-05;country_total_population_share;2024
514;Medio Campidano;ITA;Italy;304266;13.96;4.6e-05;country_total_population_share;2024
515;Cagliari;ITA;Italy;894401;41.02;4.6e-05;country_total_population_share;2024
516;Ogliastra;ITA;Italy;370425;16.99;4.6e-05;country_total_population_share;2024
517;Enna;ITA;Italy;506247;23.22;4.6e-05;country_total_population_share;2024
518;Benevento;ITA;Italy;412839;18.94;4.6e-05;country_total_population_share;2024
519;Asti;ITA;Italy;302269;13.86;4.6e-05;country_total_population_share;2024
520;Bergamo;ITA;Italy;541522;24.84;4.6e-05;country_total_population_share;2024
521;Brescia;ITA;Italy;964424;44.23;4.6e-05;country_total_population_share;2024
522;Cremona;ITA;Italy;352064;16.15;4.6e-05;country_total_population_share;2024
523;Mantua;ITA;Italy;457942;21.0;4.6e-05;country_total_population_share;2024
524;Milan;ITA;Italy;306432;14.05;4.6e-05;country_total_population_share;2024
525;Siena;ITA;Italy;752495;34.51;4.6e-05;country_total_population_share;2024
526;Arezzo;ITA;Italy;640058;29.36;4.6e-05;country_total_population_share;2024
527;Florence;ITA;Italy;701286;32.17;4.6e-05;country_total_population_share;2024
528;Vercelli;ITA;Italy;412181;18.91;4.6e-05;country_total_population_share;2024
529;Pavia;ITA;Italy;601417;27.58;4.6e-05;country_total_population_share;2024
530;Rieti;ITA;Italy;529710;24.3;4.6e-05;country_total_population_share;2024
531;Novara;ITA;Italy;262453;12.04;4.6e-05;country_total_population_share;2024
532;Alessandria;ITA;Italy;691782;31.73;4.6e-05;country_total_population_share;2024
533;Trentino;ITA;Italy;1212697;55.62;4.6e-05;country_total_population_share;2024
534;Vicenza;ITA;Italy;543513;24.93;4.6e-05;country_total_population_share;2024
535;Verona;ITA;Italy;611047;28.03;4.6e-05;country_total_population_share;2024
536;Treviso;ITA;Italy;497298;22.81;4.6e-05;country_total_population_share;2024
537;Piacenza;ITA;Italy;673612;30.9;4.6e-05;country_total_population_share;2024
538;Parma;ITA;Italy;690051;31.65;4.6e-05;country_total_population_share;2024
539;Reggio Emilia;ITA;Italy;457881;21.0;4.6e-05;country_total_population_share;2024
540;Modena;ITA;Italy;531067;24.36;4.6e-05;country_total_population_share;2024
541;Bologna;ITA;Italy;728207;33.4;4.6e-05;country_total_population_share;2024
542;Terni;ITA;Italy;419652;19.25;4.6e-05;country_total_population_share;2024
543;Perugia;ITA;Italy;1263199;57.94;4.6e-05;country_total_population_share;2024
544;Frosinone;ITA;Italy;631857;28.98;4.6e-05;country_total_population_share;2024
545;Avellino;ITA;Italy;545665;25.03;4.6e-05;country_total_population_share;2024
546;L'Aquila;ITA;Italy;1008839;46.27;4.6e-05;country_total_population_share;2024
547;Pordenone;ITA;Italy;432635;19.84;4.6e-05;country_total_population_share;2024
548;Isernia;ITA;Italy;307015;14.08;4.6e-05;country_total_population_share;2024
549;Plužine;KOS;Kosovo;936596;5.56;6e-06;country_total_population_share;2024
550;Kačanik;KOS;Kosovo;191665;1.14;6e-06;country_total_population_share;2024
551;Podujevo/Podujeva;KOS;Kosovo;452691;2.69;6e-06;country_total_population_share;2024
552;Kosovo-Pomoravlje;KOS;Kosovo;179048;1.06;6e-06;country_total_population_share;2024
553;Gamprin;LIE;Liechtenstein;40000;7.36;0.000184;country_total_population_share;2024
554;Utena;LTU;Lithuania;202061;7.34;3.6e-05;country_total_population_share;2024
555;Vilnius;LTU;Lithuania;548492;19.93;3.6e-05;country_total_population_share;2024
556;Alytus;LTU;Lithuania;136426;4.96;3.6e-05;country_total_population_share;2024
557;Panevėžys;LTU;Lithuania;189525;6.89;3.6e-05;country_total_population_share;2024
558;Telšiai;LTU;Lithuania;210594;7.65;3.6e-05;country_total_population_share;2024
559;Klaipėda;LTU;Lithuania;343602;12.49;3.6e-05;country_total_population_share;2024
560;Šiauliai;LTU;Lithuania;218649;7.95;3.6e-05;country_total_population_share;2024
561;Marijampolė;LTU;Lithuania;294361;10.7;3.6e-05;country_total_population_share;2024
562;Tauragė;LTU;Lithuania;202206;7.35;3.6e-05;country_total_population_share;2024
563;Kaunas;LTU;Lithuania;534084;19.41;3.6e-05;country_total_population_share;2024
564;Diekirch;LUX;Luxembourg;670000;107.76;0.000161;country_total_population_share;2024
565;Valka;LVA;Latvia;13439;0.38;2.8e-05;country_total_population_share;2024
566;Alūksne;LVA;Latvia;23122;0.65;2.8e-05;country_total_population_share;2024
567;Kārsava;LVA;Latvia;9013;0.25;2.8e-05;country_total_population_share;2024
568;Vecumnieki;LVA;Latvia;13703;0.38;2.8e-05;country_total_population_share;2024
569;Saldus;LVA;Latvia;46812;1.31;2.8e-05;country_total_population_share;2024
570;Vaiņode;LVA;Latvia;3896;0.11;2.8e-05;country_total_population_share;2024
571;Jelgava;LVA;Latvia;56265;1.57;2.8e-05;country_total_population_share;2024
572;Daugavpils;LVA;Latvia;137327;3.84;2.8e-05;country_total_population_share;2024
573;Krāslava;LVA;Latvia;34286;0.96;2.8e-05;country_total_population_share;2024
574;Ventspils;LVA;Latvia;18097;0.51;2.8e-05;country_total_population_share;2024
575;Talsi;LVA;Latvia;61173;1.71;2.8e-05;country_total_population_share;2024
576;Riga;LVA;Latvia;1045958;29.23;2.8e-05;country_total_population_share;2024
577;Limbaži;LVA;Latvia;48538;1.36;2.8e-05;country_total_population_share;2024
578;Rēzekne;LVA;Latvia;48707;1.36;2.8e-05;country_total_population_share;2024
579;Gulbene;LVA;Latvia;32514;0.91;2.8e-05;country_total_population_share;2024
580;Madona;LVA;Latvia;52554;1.47;2.8e-05;country_total_population_share;2024
581;Ogre;LVA;Latvia;101367;2.83;2.8e-05;country_total_population_share;2024
582;Kuldīga;LVA;Latvia;46873;1.31;2.8e-05;country_total_population_share;2024
583;Tukums;LVA;Latvia;76356;2.13;2.8e-05;country_total_population_share;2024
584;Edineț;MDA;Moldova;185610;1.41;8e-06;country_total_population_share;2024
585;Rîșcani;MDA;Moldova;160666;1.22;8e-06;country_total_population_share;2024
586;Fălești;MDA;Moldova;206258;1.56;8e-06;country_total_population_share;2024
587;Ungheni;MDA;Moldova;279005;2.11;8e-06;country_total_population_share;2024
588;Hîncești;MDA;Moldova;255663;1.94;8e-06;country_total_population_share;2024
589;Cantemir;MDA;Moldova;122127;0.93;8e-06;country_total_population_share;2024
590;Cahul;MDA;Moldova;267857;2.03;8e-06;country_total_population_share;2024
591;Ștefan Vodă;MDA;Moldova;155635;1.18;8e-06;country_total_population_share;2024
592;Căușeni;MDA;Moldova;210756;1.6;8e-06;country_total_population_share;2024
593;Cimișlia;MDA;Moldova;114048;0.86;8e-06;country_total_population_share;2024
594;Taraclia;MDA;Moldova;97298;0.74;8e-06;country_total_population_share;2024
595;Comrat;MDA;Moldova;73418;0.56;8e-06;country_total_population_share;2024
596;Orhei;MDA;Moldova;291659;2.21;8e-06;country_total_population_share;2024
597;Mavrovo and Rostuša;MKD;Macedonia;950225;8.04;8e-06;country_total_population_share;2024
598;Debarca;MKD;Macedonia;129178;1.09;8e-06;country_total_population_share;2024
599;Bogdanci;MKD;Macedonia;91203;0.77;8e-06;country_total_population_share;2024
600;Kavadarci;MKD;Macedonia;103858;0.88;8e-06;country_total_population_share;2024
601;Prilep;MKD;Macedonia;84194;0.71;8e-06;country_total_population_share;2024
602;Bitola;MKD;Macedonia;107405;0.91;8e-06;country_total_population_share;2024
603;Tearce;MKD;Macedonia;166378;1.41;8e-06;country_total_population_share;2024
604;Staro Nagoričane;MKD;Macedonia;106898;0.9;8e-06;country_total_population_share;2024
605;Berovo;MKD;Macedonia;90661;0.77;8e-06;country_total_population_share;2024
606;Birgu;MLT;Malta;560000;22.75;4.1e-05;country_total_population_share;2024
607;Berane;MNE;Montenegro;60222;0.78;1.3e-05;country_total_population_share;2024
608;Pljevlja;MNE;Montenegro;62140;0.81;1.3e-05;country_total_population_share;2024
609;Nikšić;MNE;Montenegro;160060;2.08;1.3e-05;country_total_population_share;2024
610;Podgorica;MNE;Montenegro;333578;4.34;1.3e-05;country_total_population_share;2024
611;Groningen;NLD;Netherlands;624820;49.33;7.9e-05;country_total_population_share;2024
612;Drenthe;NLD;Netherlands;527316;41.63;7.9e-05;country_total_population_share;2024
613;Overijssel;NLD;Netherlands;1224876;96.7;7.9e-05;country_total_population_share;2024
614;Gelderland;NLD;Netherlands;2165579;170.96;7.9e-05;country_total_population_share;2024
615;Limburg;NLD;Netherlands;1200907;94.8;7.9e-05;country_total_population_share;2024
616;Zeeland;NLD;Netherlands;414641;32.73;7.9e-05;country_total_population_share;2024
617;North Brabant;NLD;Netherlands;2419865;191.03;7.9e-05;country_total_population_share;2024
618;South Holland;NLD;Netherlands;3835408;302.78;7.9e-05;country_total_population_share;2024
619;North Holland;NLD;Netherlands;3016689;238.15;7.9e-05;country_total_population_share;2024
620;Friesland;NLD;Netherlands;696892;55.01;7.9e-05;country_total_population_share;2024
621;Flevoland;NLD;Netherlands;428779;33.85;7.9e-05;country_total_population_share;2024
622;Utrecht;NLD;Netherlands;1344228;106.12;7.9e-05;country_total_population_share;2024
623;Troms;NOR;Norway;195635;19.31;9.9e-05;country_total_population_share;2024
624;Nordland;NOR;Norway;284764;28.1;9.9e-05;country_total_population_share;2024
625;Nord-Trøndelag;NOR;Norway;159589;15.75;9.9e-05;country_total_population_share;2024
626;Sør-Trøndelag;NOR;Norway;372485;36.76;9.9e-05;country_total_population_share;2024
627;Hedmark;NOR;Norway;230968;22.79;9.9e-05;country_total_population_share;2024
628;Akershus;NOR;Norway;837752;82.67;9.9e-05;country_total_population_share;2024
629;Østfold;NOR;Norway;348103;34.35;9.9e-05;country_total_population_share;2024
630;Finnmark;NOR;Norway;88639;8.75;9.9e-05;country_total_population_share;2024
631;Buskerud;NOR;Norway;316539;31.24;9.9e-05;country_total_population_share;2024
632;Vestfold;NOR;Norway;293765;28.99;9.9e-05;country_total_population_share;2024
633;Telemark;NOR;Norway;202785;20.01;9.9e-05;country_total_population_share;2024
634;Aust-Agder;NOR;Norway;137659;13.58;9.9e-05;country_total_population_share;2024
635;Vest-Agder;NOR;Norway;219482;21.66;9.9e-05;country_total_population_share;2024
636;Rogaland;NOR;Norway;584324;57.66;9.9e-05;country_total_population_share;2024
637;Hordaland;NOR;Norway;613666;60.56;9.9e-05;country_total_population_share;2024
638;Sogn og Fjordane;NOR;Norway;128438;12.67;9.9e-05;country_total_population_share;2024
639;Møre og Romsdal;NOR;Norway;310513;30.64;9.9e-05;country_total_population_share;2024
640;Svalbard;NOR;Norway;3123;0.31;9.9e-05;country_total_population_share;2024
641;Oppland;NOR;Norway;221771;21.89;9.9e-05;country_total_population_share;2024
642;Silesian Voivodeship;POL;Poland;4380148;132.84;3e-05;country_total_population_share;2024
643;Lesser Poland Voivodeship;POL;Poland;3188184;96.69;3e-05;country_total_population_share;2024
644;Podkarpackie Voivodeship;POL;Poland;2012411;61.03;3e-05;country_total_population_share;2024
645;Lower Silesian Voivodeship;POL;Poland;2765694;83.87;3e-05;country_total_population_share;2024
646;Opole Voivodeship;POL;Poland;958380;29.06;3e-05;country_total_population_share;2024
647;Podlaskie Voivodeship;POL;Poland;1132130;34.33;3e-05;country_total_population_share;2024
648;Warmian-Masurian Voivodeship;POL;Poland;1364053;41.37;3e-05;country_total_population_share;2024
649;Lubusz Voivodeship;POL;Poland;968402;29.37;3e-05;country_total_population_share;2024
650;West Pomeranian Voivodeship;POL;Poland;1539513;46.69;3e-05;country_total_population_share;2024
651;Lublin Voivodeship;POL;Poland;2041447;61.91;3e-05;country_total_population_share;2024
652;Pomeranian Voivodeship;POL;Poland;2182011;66.17;3e-05;country_total_population_share;2024
653;Masovian Voivodeship;POL;Poland;5210261;158.01;3e-05;country_total_population_share;2024
654;Łódź Voivodeship;POL;Poland;2379780;72.17;3e-05;country_total_population_share;2024
655;Kuyavian-Pomeranian Voivodeship;POL;Poland;1983577;60.16;3e-05;country_total_population_share;2024
656;Greater Poland Voivodeship;POL;Poland;3316153;100.57;3e-05;country_total_population_share;2024
657;Świętokrzyskie Voivodeship;POL;Poland;1177856;35.72;3e-05;country_total_population_share;2024
658;Évora;PRT;Portugal;86663;2.98;3.4e-05;country_total_population_share;2024
659;Portalegre;PRT;Portugal;36942;1.27;3.4e-05;country_total_population_share;2024
660;Viana do Castelo;PRT;Portugal;139833;4.81;3.4e-05;country_total_population_share;2024
661;Castelo Branco;PRT;Portugal;86230;2.97;3.4e-05;country_total_population_share;2024
662;Guarda;PRT;Portugal;64605;2.22;3.4e-05;country_total_population_share;2024
663;Bragança;PRT;Portugal;55490;1.91;3.4e-05;country_total_population_share;2024
664;Vila Real;PRT;Portugal;82391;2.83;3.4e-05;country_total_population_share;2024
665;Braga;PRT;Portugal;300560;10.34;3.4e-05;country_total_population_share;2024
666;Faro;PRT;Portugal;100740;3.46;3.4e-05;country_total_population_share;2024
667;Beja;PRT;Portugal;610961;21.01;3.4e-05;country_total_population_share;2024
668;Setúbal;PRT;Portugal;1302661;44.8;3.4e-05;country_total_population_share;2024
669;Lisbon;PRT;Portugal;3529000;121.36;3.4e-05;country_total_population_share;2024
670;Santarém;PRT;Portugal;94832;3.26;3.4e-05;country_total_population_share;2024
671;Leiria;PRT;Portugal;206285;7.09;3.4e-05;country_total_population_share;2024
672;Coimbra;PRT;Portugal;220934;7.6;3.4e-05;country_total_population_share;2024
673;Aveiro;PRT;Portugal;128731;4.43;3.4e-05;country_total_population_share;2024
674;Porto;PRT;Portugal;3002258;103.25;3.4e-05;country_total_population_share;2024
675;Azores;PRT;Portugal;390638;13.43;3.4e-05;country_total_population_share;2024
676;Viseu;PRT;Portugal;160246;5.51;3.4e-05;country_total_population_share;2024
677;Satu Mare;ROU;Romania;362390;8.48;2.3e-05;country_total_population_share;2024
678;Arad;ROU;Romania;449489;10.52;2.3e-05;country_total_population_share;2024
679;Bihor;ROU;Romania;604183;14.14;2.3e-05;country_total_population_share;2024
680;Timiș;ROU;Romania;712939;16.69;2.3e-05;country_total_population_share;2024
681;Mehedinți;ROU;Romania;256820;6.01;2.3e-05;country_total_population_share;2024
682;Dolj;ROU;Romania;656947;15.38;2.3e-05;country_total_population_share;2024
683;Călărași;ROU;Romania;310651;7.27;2.3e-05;country_total_population_share;2024
684;Teleorman;ROU;Romania;354582;8.3;2.3e-05;country_total_population_share;2024
685;Giurgiu;ROU;Romania;287207;6.72;2.3e-05;country_total_population_share;2024
686;Constanța;ROU;Romania;718927;16.83;2.3e-05;country_total_population_share;2024
687;Olt;ROU;Romania;420049;9.83;2.3e-05;country_total_population_share;2024
688;Caraș-Severin;ROU;Romania;270244;6.33;2.3e-05;country_total_population_share;2024
689;Botoșani;ROU;Romania;430505;10.08;2.3e-05;country_total_population_share;2024
690;Iași;ROU;Romania;833755;19.52;2.3e-05;country_total_population_share;2024
691;Vaslui;ROU;Romania;410646;9.61;2.3e-05;country_total_population_share;2024
692;Galați;ROU;Romania;544559;12.75;2.3e-05;country_total_population_share;2024
693;Suceava;ROU;Romania;704191;16.49;2.3e-05;country_total_population_share;2024
694;Maramureș;ROU;Romania;495881;11.61;2.3e-05;country_total_population_share;2024
695;Tulcea;ROU;Romania;211904;4.96;2.3e-05;country_total_population_share;2024
696;Cluj;ROU;Romania;744291;17.42;2.3e-05;country_total_population_share;2024
697;Bistrița-Năsăud;ROU;Romania;324383;7.59;2.3e-05;country_total_population_share;2024
698;Sălaj;ROU;Romania;232583;5.45;2.3e-05;country_total_population_share;2024
699;Dâmbovița;ROU;Romania;525394;12.3;2.3e-05;country_total_population_share;2024
700;Ilfov;ROU;Romania;594766;13.92;2.3e-05;country_total_population_share;2024
701;Argeș;ROU;Romania;624606;14.62;2.3e-05;country_total_population_share;2024
702;Gorj;ROU;Romania;344873;8.07;2.3e-05;country_total_population_share;2024
703;Hunedoara;ROU;Romania;396351;9.28;2.3e-05;country_total_population_share;2024
704;Vâlcea;ROU;Romania;374656;8.77;2.3e-05;country_total_population_share;2024
705;Prahova;ROU;Romania;761802;17.83;2.3e-05;country_total_population_share;2024
706;Covasna;ROU;Romania;219233;5.13;2.3e-05;country_total_population_share;2024
707;Vrancea;ROU;Romania;367479;8.6;2.3e-05;country_total_population_share;2024
708;Buzău;ROU;Romania;443829;10.39;2.3e-05;country_total_population_share;2024
709;Brașov;ROU;Romania;599052;14.02;2.3e-05;country_total_population_share;2024
710;Sibiu;ROU;Romania;425579;9.96;2.3e-05;country_total_population_share;2024
711;Mureș;ROU;Romania;567904;13.3;2.3e-05;country_total_population_share;2024
712;Harghita;ROU;Romania;319958;7.49;2.3e-05;country_total_population_share;2024
713;Neamț;ROU;Romania;497775;11.65;2.3e-05;country_total_population_share;2024
714;Bacău;ROU;Romania;659078;15.43;2.3e-05;country_total_population_share;2024
715;Alba;ROU;Romania;357209;8.36;2.3e-05;country_total_population_share;2024
716;Brăila;ROU;Romania;308452;7.22;2.3e-05;country_total_population_share;2024
717;Ialomița;ROU;Romania;274878;6.44;2.3e-05;country_total_population_share;2024
718;Pskov;RUS;Russia;876207;15.27;1.7e-05;country_total_population_share;2024
719;Karachay-Cherkess Republic;RUS;Russia;714293;12.45;1.7e-05;country_total_population_share;2024
720;Kabardino-Balkaria;RUS;Russia;1381029;24.07;1.7e-05;country_total_population_share;2024
721;Republic of North Ossetia-Alania;RUS;Russia;1035438;18.04;1.7e-05;country_total_population_share;2024
722;Murmansk;RUS;Russia;1001211;17.45;1.7e-05;country_total_population_share;2024
723;Karelia;RUS;Russia;791512;13.79;1.7e-05;country_total_population_share;2024
724;Leningrad;RUS;Russia;3104978;54.11;1.7e-05;country_total_population_share;2024
725;Kaliningrad;RUS;Russia;1516979;26.44;1.7e-05;country_total_population_share;2024
726;Smolensk;RUS;Russia;1317768;22.96;1.7e-05;country_total_population_share;2024
727;Bryansk;RUS;Russia;1727758;30.11;1.7e-05;country_total_population_share;2024
728;Kursk;RUS;Russia;1601147;27.9;1.7e-05;country_total_population_share;2024
729;Belgorod;RUS;Russia;2260410;39.39;1.7e-05;country_total_population_share;2024
730;Voronezh;RUS;Russia;3447058;60.07;1.7e-05;country_total_population_share;2024
731;Rostov;RUS;Russia;6310331;109.97;1.7e-05;country_total_population_share;2024
732;Orenburg;RUS;Russia;2789095;48.6;1.7e-05;country_total_population_share;2024
733;Saratov;RUS;Russia;3613856;62.98;1.7e-05;country_total_population_share;2024
734;Astrakhan;RUS;Russia;1443510;25.16;1.7e-05;country_total_population_share;2024
735;Volgograd;RUS;Russia;3712447;64.7;1.7e-05;country_total_population_share;2024
736;Autonomous Republic of Crimea;RUS;Russia;2892410;50.4;1.7e-05;country_total_population_share;2024
737;Nenets Autonomous Okrug;RUS;Russia;64402;1.12;1.7e-05;country_total_population_share;2024
738;Saint Petersburg;RUS;Russia;8621929;150.25;1.7e-05;country_total_population_share;2024
739;Arkhangelsk;RUS;Russia;1509102;26.3;1.7e-05;country_total_population_share;2024
740;Republic of Kalmykia;RUS;Russia;408131;7.11;1.7e-05;country_total_population_share;2024
741;Bashkortostan;RUS;Russia;6165500;107.44;1.7e-05;country_total_population_share;2024
742;Sverdlovsk;RUS;Russia;6438628;112.2;1.7e-05;country_total_population_share;2024
743;Lipetsk;RUS;Russia;1717274;29.93;1.7e-05;country_total_population_share;2024
744;Tambov;RUS;Russia;1458553;25.42;1.7e-05;country_total_population_share;2024
745;Republic of Tatarstan;RUS;Russia;6105466;106.4;1.7e-05;country_total_population_share;2024
746;Ulyanovsk;RUS;Russia;1788747;31.17;1.7e-05;country_total_population_share;2024
747;Penza;RUS;Russia;1850261;32.24;1.7e-05;country_total_population_share;2024
748;Oryol;RUS;Russia;1056192;18.41;1.7e-05;country_total_population_share;2024
749;Republic of Mordovia;RUS;Russia;1188091;20.7;1.7e-05;country_total_population_share;2024
750;Kaluga;RUS;Russia;1526712;26.61;1.7e-05;country_total_population_share;2024
751;Kostroma;RUS;Russia;863679;15.05;1.7e-05;country_total_population_share;2024
752;Yaroslavl;RUS;Russia;1811284;31.56;1.7e-05;country_total_population_share;2024
753;Vladimir;RUS;Russia;1997946;34.82;1.7e-05;country_total_population_share;2024
754;Ryazan;RUS;Russia;1591154;27.73;1.7e-05;country_total_population_share;2024
755;Ivanovo;RUS;Russia;1381694;24.08;1.7e-05;country_total_population_share;2024
756;Nizhny Novgorod;RUS;Russia;4635775;80.79;1.7e-05;country_total_population_share;2024
757;Tula;RUS;Russia;2243808;39.1;1.7e-05;country_total_population_share;2024
758;Chuvash Republic;RUS;Russia;770014;13.42;1.7e-05;country_total_population_share;2024
759;Vologda;RUS;Russia;1769931;30.84;1.7e-05;country_total_population_share;2024
760;Novgorod;RUS;Russia;864738;15.07;1.7e-05;country_total_population_share;2024
761;Tver;RUS;Russia;1815884;31.64;1.7e-05;country_total_population_share;2024
762;Moscow;RUS;Russia;20246155;352.82;1.7e-05;country_total_population_share;2024
763;Mari El Republic;RUS;Russia;1021673;17.8;1.7e-05;country_total_population_share;2024
764;Kirov;RUS;Russia;1723396;30.03;1.7e-05;country_total_population_share;2024
765;Udmurt Republic;RUS;Russia;5037824;87.79;1.7e-05;country_total_population_share;2024
766;Komi Republic;RUS;Russia;1090203;19.0;1.7e-05;country_total_population_share;2024
767;Perm Krai;RUS;Russia;3788078;66.01;1.7e-05;country_total_population_share;2024
768;Samara;RUS;Russia;4747337;82.73;1.7e-05;country_total_population_share;2024
769;Stavropol Krai;RUS;Russia;4399278;76.66;1.7e-05;country_total_population_share;2024
770;Republic of Adygea;RUS;Russia;763724;13.31;1.7e-05;country_total_population_share;2024
771;Borgo Maggiore;SMR;San Marino;34000;2.39;7e-05;country_total_population_share;2024
772;North Bačka;SRB;Republic of Serbia;141244;2.4;1.7e-05;country_total_population_share;2024
773;West Bačka;SRB;Republic of Serbia;200341;3.4;1.7e-05;country_total_population_share;2024
774;North Banat;SRB;Republic of Serbia;191602;3.25;1.7e-05;country_total_population_share;2024
775;Pčinja;SRB;Republic of Serbia;293721;4.99;1.7e-05;country_total_population_share;2024
776;Bor;SRB;Republic of Serbia;319600;5.43;1.7e-05;country_total_population_share;2024
777;Zaječar;SRB;Republic of Serbia;299556;5.09;1.7e-05;country_total_population_share;2024
778;Pirot;SRB;Republic of Serbia;227021;3.86;1.7e-05;country_total_population_share;2024
779;Jablanica;SRB;Republic of Serbia;235188;3.99;1.7e-05;country_total_population_share;2024
780;Raška;SRB;Republic of Serbia;319602;5.43;1.7e-05;country_total_population_share;2024
781;Rasina;SRB;Republic of Serbia;224747;3.82;1.7e-05;country_total_population_share;2024
782;Toplica;SRB;Republic of Serbia;195517;3.32;1.7e-05;country_total_population_share;2024
783;Zlatibor;SRB;Republic of Serbia;521396;8.86;1.7e-05;country_total_population_share;2024
784;Srem;SRB;Republic of Serbia;291359;4.95;1.7e-05;country_total_population_share;2024
785;Mačva;SRB;Republic of Serbia;273820;4.65;1.7e-05;country_total_population_share;2024
786;South Bačka;SRB;Republic of Serbia;362720;6.16;1.7e-05;country_total_population_share;2024
787;Central Banat;SRB;Republic of Serbia;265074;4.5;1.7e-05;country_total_population_share;2024
788;South Banat;SRB;Republic of Serbia;345439;5.87;1.7e-05;country_total_population_share;2024
789;Braničevo;SRB;Republic of Serbia;356722;6.06;1.7e-05;country_total_population_share;2024
790;Belgrade;SRB;Republic of Serbia;285540;4.85;1.7e-05;country_total_population_share;2024
791;Podunavlje;SRB;Republic of Serbia;118463;2.01;1.7e-05;country_total_population_share;2024
792;Nišava;SRB;Republic of Serbia;233035;3.96;1.7e-05;country_total_population_share;2024
793;Pomoravski;SRB;Republic of Serbia;221001;3.75;1.7e-05;country_total_population_share;2024
794;Šumadija;SRB;Republic of Serbia;203315;3.45;1.7e-05;country_total_population_share;2024
795;Moravica;SRB;Republic of Serbia;259542;4.41;1.7e-05;country_total_population_share;2024
796;Kolubara;SRB;Republic of Serbia;214435;3.64;1.7e-05;country_total_population_share;2024
797;Žilina;SVK;Slovakia;687398;21.23;3.1e-05;country_total_population_share;2024
798;Prešov;SVK;Slovakia;811584;25.07;3.1e-05;country_total_population_share;2024
799;Košice;SVK;Slovakia;780315;24.1;3.1e-05;country_total_population_share;2024
800;Bratislava;SVK;Slovakia;737818;22.79;3.1e-05;country_total_population_share;2024
801;Trnava;SVK;Slovakia;567002;17.51;3.1e-05;country_total_population_share;2024
802;Trenčín;SVK;Slovakia;566673;17.5;3.1e-05;country_total_population_share;2024
803;Banská Bystrica;SVK;Slovakia;612314;18.91;3.1e-05;country_total_population_share;2024
804;Nitra;SVK;Slovakia;666896;20.6;3.1e-05;country_total_population_share;2024
805;Tolmin;SVN;Slovenia;1746209;70.62;4e-05;country_total_population_share;2024
806;Podvelka;SVN;Slovenia;373791;15.12;4e-05;country_total_population_share;2024
807;Norrbotten;SWE;Sweden;247482;16.69;6.7e-05;country_total_population_share;2024
808;Västerbotten;SWE;Sweden;278005;18.75;6.7e-05;country_total_population_share;2024
809;Jämtland;SWE;Sweden;131893;8.89;6.7e-05;country_total_population_share;2024
810;Dalarna;SWE;Sweden;284540;19.19;6.7e-05;country_total_population_share;2024
811;Värmland;SWE;Sweden;281748;19.0;6.7e-05;country_total_population_share;2024
812;Västra Götaland;SWE;Sweden;1768063;119.24;6.7e-05;country_total_population_share;2024
813;Västernorrland;SWE;Sweden;239792;16.17;6.7e-05;country_total_population_share;2024
814;Gävleborg;SWE;Sweden;282272;19.04;6.7e-05;country_total_population_share;2024
815;Uppsala;SWE;Sweden;408300;27.54;6.7e-05;country_total_population_share;2024
816;Stockholm;SWE;Sweden;2471342;166.67;6.7e-05;country_total_population_share;2024
817;Södermanland;SWE;Sweden;299303;20.19;6.7e-05;country_total_population_share;2024
818;Östergötland;SWE;Sweden;470105;31.7;6.7e-05;country_total_population_share;2024
819;Kalmar;SWE;Sweden;244376;16.48;6.7e-05;country_total_population_share;2024
820;Blekinge;SWE;Sweden;156001;10.52;6.7e-05;country_total_population_share;2024
821;Skåne;SWE;Sweden;1425537;96.14;6.7e-05;country_total_population_share;2024
822;Halland;SWE;Sweden;344126;23.21;6.7e-05;country_total_population_share;2024
823;Gotland;SWE;Sweden;60691;4.09;6.7e-05;country_total_population_share;2024
824;Västmanland;SWE;Sweden;279424;18.84;6.7e-05;country_total_population_share;2024
825;Jönköping;SWE;Sweden;367925;24.81;6.7e-05;country_total_population_share;2024
826;Örebro;SWE;Sweden;306790;20.69;6.7e-05;country_total_population_share;2024
827;Kronoberg;SWE;Sweden;202285;13.64;6.7e-05;country_total_population_share;2024
828;Ardahan;TUR;Turkey;603083;11.14;1.8e-05;country_total_population_share;2024
829;Artvin;TUR;Turkey;920042;17.0;1.8e-05;country_total_population_share;2024
830;Kırklareli;TUR;Turkey;809113;14.95;1.8e-05;country_total_population_share;2024
831;Edirne;TUR;Turkey;630746;11.65;1.8e-05;country_total_population_share;2024
832;Kars;TUR;Turkey;1234509;22.81;1.8e-05;country_total_population_share;2024
833;Mardin;TUR;Turkey;1185694;21.91;1.8e-05;country_total_population_share;2024
834;Şanlıurfa;TUR;Turkey;2341316;43.26;1.8e-05;country_total_population_share;2024
835;Kilis;TUR;Turkey;158823;2.93;1.8e-05;country_total_population_share;2024
836;Gaziantep;TUR;Turkey;859890;15.89;1.8e-05;country_total_population_share;2024
837;Hatay;TUR;Turkey;655413;12.11;1.8e-05;country_total_population_share;2024
838;Istanbul;TUR;Turkey;564706;10.43;1.8e-05;country_total_population_share;2024
839;Tekirdağ;TUR;Turkey;821449;15.18;1.8e-05;country_total_population_share;2024
840;Çanakkale;TUR;Turkey;1126119;20.81;1.8e-05;country_total_population_share;2024
841;Rize;TUR;Turkey;443737;8.2;1.8e-05;country_total_population_share;2024
842;Trabzon;TUR;Turkey;588010;10.86;1.8e-05;country_total_population_share;2024
843;Giresun;TUR;Turkey;794421;14.68;1.8e-05;country_total_population_share;2024
844;Ordu;TUR;Turkey;689112;12.73;1.8e-05;country_total_population_share;2024
845;Samsun;TUR;Turkey;1112098;20.55;1.8e-05;country_total_population_share;2024
846;Sinop;TUR;Turkey;731114;13.51;1.8e-05;country_total_population_share;2024
847;Kastamonu;TUR;Turkey;1542219;28.5;1.8e-05;country_total_population_share;2024
848;Bartın;TUR;Turkey;247286;4.57;1.8e-05;country_total_population_share;2024
849;Zonguldak;TUR;Turkey;383407;7.08;1.8e-05;country_total_population_share;2024
850;Düzce;TUR;Turkey;302031;5.58;1.8e-05;country_total_population_share;2024
851;Sakarya;TUR;Turkey;499962;9.24;1.8e-05;country_total_population_share;2024
852;Kocaeli;TUR;Turkey;549327;10.15;1.8e-05;country_total_population_share;2024
853;Bursa;TUR;Turkey;1281009;23.67;1.8e-05;country_total_population_share;2024
854;Balıkesir;TUR;Turkey;1708039;31.56;1.8e-05;country_total_population_share;2024
855;İzmir;TUR;Turkey;1514888;27.99;1.8e-05;country_total_population_share;2024
856;Aydın;TUR;Turkey;933106;17.24;1.8e-05;country_total_population_share;2024
857;Muğla;TUR;Turkey;1510057;27.9;1.8e-05;country_total_population_share;2024
858;Antalya;TUR;Turkey;2489831;46.01;1.8e-05;country_total_population_share;2024
859;Mersin;TUR;Turkey;1796076;33.19;1.8e-05;country_total_population_share;2024
860;Adana;TUR;Turkey;1803142;33.32;1.8e-05;country_total_population_share;2024
861;Bolu;TUR;Turkey;1007192;18.61;1.8e-05;country_total_population_share;2024
862;Ankara;TUR;Turkey;3016868;55.74;1.8e-05;country_total_population_share;2024
863;Bilecik;TUR;Turkey;621141;11.48;1.8e-05;country_total_population_share;2024
864;Eskişehir;TUR;Turkey;1612319;29.79;1.8e-05;country_total_population_share;2024
865;Çankırı;TUR;Turkey;902098;16.67;1.8e-05;country_total_population_share;2024
866;Karabük;TUR;Turkey;465743;8.61;1.8e-05;country_total_population_share;2024
867;Tokat;TUR;Turkey;1105579;20.43;1.8e-05;country_total_population_share;2024
868;Sivas;TUR;Turkey;3302373;61.02;1.8e-05;country_total_population_share;2024
869;Çorum;TUR;Turkey;1470325;27.17;1.8e-05;country_total_population_share;2024
870;Amasya;TUR;Turkey;731343;13.51;1.8e-05;country_total_population_share;2024
871;Kütahya;TUR;Turkey;1416755;26.18;1.8e-05;country_total_population_share;2024
872;Konya;TUR;Turkey;4728789;87.38;1.8e-05;country_total_population_share;2024
873;Karaman;TUR;Turkey;1055649;19.51;1.8e-05;country_total_population_share;2024
874;Niğde;TUR;Turkey;781885;14.45;1.8e-05;country_total_population_share;2024
875;Kayseri;TUR;Turkey;2060287;38.07;1.8e-05;country_total_population_share;2024
876;Isparta;TUR;Turkey;1030407;19.04;1.8e-05;country_total_population_share;2024
877;Manisa;TUR;Turkey;1518951;28.07;1.8e-05;country_total_population_share;2024
878;Denizli;TUR;Turkey;1305225;24.12;1.8e-05;country_total_population_share;2024
879;Burdur;TUR;Turkey;849749;15.7;1.8e-05;country_total_population_share;2024
880;Aksaray;TUR;Turkey;911023;16.83;1.8e-05;country_total_population_share;2024
881;Nevşehir;TUR;Turkey;622096;11.49;1.8e-05;country_total_population_share;2024
882;Yozgat;TUR;Turkey;1616684;29.87;1.8e-05;country_total_population_share;2024
883;Kırşehir;TUR;Turkey;748394;13.83;1.8e-05;country_total_population_share;2024
884;Uşak;TUR;Turkey;522406;9.65;1.8e-05;country_total_population_share;2024
885;Erzincan;TUR;Turkey;1328831;24.55;1.8e-05;country_total_population_share;2024
886;Tunceli;TUR;Turkey;928178;17.15;1.8e-05;country_total_population_share;2024
887;Afyonkarahisar;TUR;Turkey;1733410;32.03;1.8e-05;country_total_population_share;2024
888;Kırıkkale;TUR;Turkey;547930;10.12;1.8e-05;country_total_population_share;2024
889;Kahramanmaraş;TUR;Turkey;1695953;31.34;1.8e-05;country_total_population_share;2024
890;Muş;TUR;Turkey;910417;16.82;1.8e-05;country_total_population_share;2024
891;Erzurum;TUR;Turkey;2795898;51.66;1.8e-05;country_total_population_share;2024
892;Malatya;TUR;Turkey;1389617;25.68;1.8e-05;country_total_population_share;2024
893;Elazığ;TUR;Turkey;1092780;20.19;1.8e-05;country_total_population_share;2024
894;Bitlis;TUR;Turkey;1055413;19.5;1.8e-05;country_total_population_share;2024
895;Bingöl;TUR;Turkey;989629;18.29;1.8e-05;country_total_population_share;2024
896;Osmaniye;TUR;Turkey;341865;6.32;1.8e-05;country_total_population_share;2024
897;Adıyaman;TUR;Turkey;842236;15.56;1.8e-05;country_total_population_share;2024
898;Diyarbakır;TUR;Turkey;1773140;32.76;1.8e-05;country_total_population_share;2024
899;Batman;TUR;Turkey;483514;8.93;1.8e-05;country_total_population_share;2024
900;Bayburt;TUR;Turkey;415950;7.69;1.8e-05;country_total_population_share;2024
901;Gümüşhane;TUR;Turkey;742183;13.71;1.8e-05;country_total_population_share;2024
902;Chernihiv;UKR;Ukraine;923835;5.6;6e-06;country_total_population_share;2024
903;Volyn;UKR;Ukraine;983581;5.96;6e-06;country_total_population_share;2024
904;Rivne;UKR;Ukraine;1099555;6.66;6e-06;country_total_population_share;2024
905;Zhytomyr;UKR;Ukraine;1135426;6.88;6e-06;country_total_population_share;2024
906;Kyiv;UKR;Ukraine;1728688;10.48;6e-06;country_total_population_share;2024
907;Zakarpattia;UKR;Ukraine;1198449;7.26;6e-06;country_total_population_share;2024
908;Chernivtsi;UKR;Ukraine;857524;5.2;6e-06;country_total_population_share;2024
909;Ivano-Frankivsk;UKR;Ukraine;1301825;7.89;6e-06;country_total_population_share;2024
910;Odessa;UKR;Ukraine;2264425;13.72;6e-06;country_total_population_share;2024
911;Vinnytsia;UKR;Ukraine;1453686;8.81;6e-06;country_total_population_share;2024
912;Lviv;UKR;Ukraine;2386479;14.46;6e-06;country_total_population_share;2024
913;Sumy;UKR;Ukraine;997464;6.05;6e-06;country_total_population_share;2024
914;Kharkiv;UKR;Ukraine;2502838;15.17;6e-06;country_total_population_share;2024
915;Luhansk;UKR;Ukraine;2087625;12.65;6e-06;country_total_population_share;2024
916;Donetsk;UKR;Ukraine;4045105;24.52;6e-06;country_total_population_share;2024
917;Kherson;UKR;Ukraine;964554;5.85;6e-06;country_total_population_share;2024
918;Zaporizhzhia;UKR;Ukraine;1577863;9.56;6e-06;country_total_population_share;2024
919;Mykolaiv;UKR;Ukraine;1051440;6.37;6e-06;country_total_population_share;2024
920;Poltava;UKR;Ukraine;1302269;7.89;6e-06;country_total_population_share;2024
921;Khmelnytskyi;UKR;Ukraine;1183381;7.17;6e-06;country_total_population_share;2024
922;Ternopil;UKR;Ukraine;983925;5.96;6e-06;country_total_population_share;2024
923;Dnipropetrovsk;UKR;Ukraine;2981960;18.07;6e-06;country_total_population_share;2024
924;Cherkasy;UKR;Ukraine;1117814;6.78;6e-06;country_total_population_share;2024
925;Kirovohrad;UKR;Ukraine;870289;5.27;6e-06;country_total_population_share;2024
