country_a;country_b;relationship_score;is_border;same_ideology;gdp_pc_ratio;relationship_source;relationship_year
AEO;ALB;-15.0;0;0;0.0;heuristic_border_ideology_gdp;
AEO;AUT;-15.0;0;0;0.0;heuristic_border_ideology_gdp;
AEO;BEL;-15.0;0;0;0.0;heuristic_border_ideology_gdp;
AEO;BGR;-15.0;0;0;0.0;heuristic_border_ideology_gdp;
AEO;BIH;-15.0;0;0;0.0;heuristic_border_ideology_gdp;
AEO;BLR;-15.0;0;0;0.0;heuristic_border_ideology_gdp;
AEO;CHE;-15.0;0;0;0.0;heuristic_border_ideology_gdp;
AEO;CYP;-15.0;0;0;0.0;heuristic_border_ideology_gdp;
AEO;CZE;-15.0;0;0;0.0;heuristic_border_ideology_gdp;
AEO;DEU;-15.0;0;0;0.0;heuristic_border_ideology_gdp;
AEO;DNK;-15.0;0;0;0.0;heuristic_border_ideology_gdp;
AEO;ESP;-15.0;0;0;0.0;heuristic_border_ideology_gdp;
AEO;EST;-15.0;0;0;0.0;heuristic_border_ideology_gdp;
AEO;FIN;-15.0;0;0;0.0;heuristic_border_ideology_gdp;
AEO;FRA;-15.0;0;0;0.0;heuristic_border_ideology_gdp;
AEO;GBR;-15.0;0;0;0.0;heuristic_border_ideology_gdp;
AEO;GEO;-15.0;0;0;0.0;heuristic_border_ideology_gdp;
AEO;GRC;-15.0;0;0;0.0;heuristic_border_ideology_gdp;
AEO;HRV;-15.0;0;0;0.0;heuristic_border_ideology_gdp;
AEO;HUN;-15.0;0;0;0.0;heuristic_border_ideology_gdp;
AEO;IRL;-15.0;0;0;0.0;heuristic_border_ideology_gdp;
AEO;ISL;-15.0;0;0;0.0;heuristic_border_ideology_gdp;
AEO;ITA;-15.0;0;0;0.0;heuristic_border_ideology_gdp;
AEO;KOS;-15.0;0;0;0.0;heuristic_border_ideology_gdp;
AEO;LTU;-15.0;0;0;0.0;heuristic_border_ideology_gdp;
AEO;LUX;-15.0;0;0;0.0;heuristic_border_ideology_gdp;
AEO;LVA;-15.0;0;0;0.0;heuristic_border_ideology_gdp;
AEO;MDA;-15.0;0;0;0.0;heuristic_border_ideology_gdp;
AEO;MKD;-15.0;0;0;0.0;heuristic_border_ideology_gdp;
AEO;MNE;-15.0;0;0;0.0;heuristic_border_ideology_gdp;
AEO;NLD;-15.0;0;0;0.0;heuristic_border_ideology_gdp;
AEO;NOR;-15.0;0;0;0.0;heuristic_border_ideology_gdp;
AEO;POL;-15.0;0;0;0.0;heuristic_border_ideology_gdp;
AEO;PRT;-15.0;0;0;0.0;heuristic_border_ideology_gdp;
AEO;ROU;-15.0;0;0;0.0;heuristic_border_ideology_gdp;
AEO;RUS;-15.0;0;0;0.0;heuristic_border_ideology_gdp;
AEO;SRB;-15.0;0;0;0.0;heuristic_border_ideology_gdp;
AEO;SVK;-15.0;0;0;0.0;heuristic_border_ideology_gdp;
AEO;SVN;-15.0;0;0;0.0;heuristic_border_ideology_gdp;
AEO;SWE;-15.0;0;0;0.0;heuristic_border_ideology_gdp;
AEO;TUR;-15.0;0;0;0.0;heuristic_border_ideology_gdp;
AEO;UKR;-15.0;0;0;0.0;heuristic_border_ideology_gdp;
ALB;AUT;15.0;0;1;5.680897;heuristic_border_ideology_gdp;
ALB;BEL;-50.0;0;0;5.540149;heuristic_border_ideology_gdp;
ALB;BGR;25.0;0;1;1.899772;heuristic_border_ideology_gdp;
ALB;BIH;30.0;0;1;1.029863;heuristic_border_ideology_gdp;
ALB;BLR;-35.0;0;0;1.174431;heuristic_border_ideology_gdp;
ALB;CHE;5.0;0;1;10.318013;heuristic_border_ideology_gdp;
ALB;CYP;25.0;0;1;2.946919;heuristic_border_ideology_gdp;
ALB;CZE;15.0;0;1;3.292242;heuristic_border_ideology_gdp;
ALB;DEU;15.0;0;1;5.418334;heuristic_border_ideology_gdp;
ALB;DNK;-60.0;0;0;7.218125;heuristic_border_ideology_gdp;
ALB;ESP;-50.0;0;0;3.614401;heuristic_border_ideology_gdp;
ALB;EST;15.0;0;1;3.205143;heuristic_border_ideology_gdp;
ALB;FIN;15.0;0;1;5.145325;heuristic_border_ideology_gdp;
ALB;FRA;15.0;0;1;4.475849;heuristic_border_ideology_gdp;
ALB;GBR;-50.0;0;0;5.322664;heuristic_border_ideology_gdp;
ALB;GEO;30.0;0;1;1.079319;heuristic_border_ideology_gdp;
ALB;GRC;50.0;1;1;2.521714;heuristic_border_ideology_gdp;
ALB;HRV;25.0;0;1;2.528207;heuristic_border_ideology_gdp;
ALB;HUN;25.0;0;1;2.424057;heuristic_border_ideology_gdp;
ALB;IRL;5.0;0;1;12.085002;heuristic_border_ideology_gdp;
ALB;ISL;5.0;0;1;9.825697;heuristic_border_ideology_gdp;
ALB;ITA;15.0;0;1;3.945981;heuristic_border_ideology_gdp;
ALB;KOS;50.0;1;1;1.957668;heuristic_border_ideology_gdp;
ALB;LTU;15.0;0;1;3.126706;heuristic_border_ideology_gdp;
ALB;LUX;-60.0;0;0;13.836939;heuristic_border_ideology_gdp;
ALB;LVA;25.0;0;1;2.40474;heuristic_border_ideology_gdp;
ALB;MDA;25.0;0;1;1.532929;heuristic_border_ideology_gdp;
ALB;MKD;55.0;1;1;1.375003;heuristic_border_ideology_gdp;
ALB;MNE;55.0;1;1;1.118688;heuristic_border_ideology_gdp;
ALB;NLD;-60.0;0;0;6.79163;heuristic_border_ideology_gdp;
ALB;NOR;-60.0;0;0;8.489832;heuristic_border_ideology_gdp;
ALB;POL;25.0;0;1;2.609057;heuristic_border_ideology_gdp;
ALB;PRT;25.0;0;1;2.958752;heuristic_border_ideology_gdp;
ALB;ROU;25.0;0;1;2.01386;heuristic_border_ideology_gdp;
ALB;RUS;-35.0;0;0;1.499218;heuristic_border_ideology_gdp;
ALB;SRB;30.0;0;1;1.46097;heuristic_border_ideology_gdp;
ALB;SVK;25.0;0;1;2.657152;heuristic_border_ideology_gdp;
ALB;SVN;15.0;0;1;3.479404;heuristic_border_ideology_gdp;
ALB;SWE;-50.0;0;0;5.801945;heuristic_border_ideology_gdp;
ALB;TUR;-40.0;0;0;1.589635;heuristic_border_ideology_gdp;
ALB;UKR;25.0;0;1;1.918009;heuristic_border_ideology_gdp;
AUT;BEL;-35.0;0;0;1.025405;heuristic_border_ideology_gdp;
AUT;BGR;25.0;0;1;2.990304;heuristic_border_ideology_gdp;
AUT;BIH;15.0;0;1;5.850545;heuristic_border_ideology_gdp;
AUT;BLR;-60.0;0;0;6.67182;heuristic_border_ideology_gdp;
AUT;CHE;50.0;1;1;1.816265;heuristic_border_ideology_gdp;
AUT;CYP;25.0;0;1;1.927741;heuristic_border_ideology_gdp;
AUT;CZE;50.0;1;1;1.72554;heuristic_border_ideology_gdp;
AUT;DEU;55.0;1;1;1.048458;heuristic_border_ideology_gdp;
AUT;DNK;-35.0;0;0;1.270596;heuristic_border_ideology_gdp;
AUT;ESP;-40.0;0;0;1.57174;heuristic_border_ideology_gdp;
AUT;EST;25.0;0;1;1.772432;heuristic_border_ideology_gdp;
AUT;FIN;30.0;0;1;1.104089;heuristic_border_ideology_gdp;
AUT;FRA;30.0;0;1;1.269233;heuristic_border_ideology_gdp;
AUT;GBR;-35.0;0;0;1.067303;heuristic_border_ideology_gdp;
AUT;GEO;5.0;0;1;6.131499;heuristic_border_ideology_gdp;
AUT;GRC;25.0;0;1;2.252792;heuristic_border_ideology_gdp;
AUT;HRV;25.0;0;1;2.247006;heuristic_border_ideology_gdp;
AUT;HUN;50.0;1;1;2.343549;heuristic_border_ideology_gdp;
AUT;IRL;25.0;0;1;2.127305;heuristic_border_ideology_gdp;
AUT;ISL;25.0;0;1;1.729603;heuristic_border_ideology_gdp;
AUT;ITA;55.0;1;1;1.439667;heuristic_border_ideology_gdp;
AUT;KOS;5.0;0;1;11.121311;heuristic_border_ideology_gdp;
AUT;LTU;25.0;0;1;1.816895;heuristic_border_ideology_gdp;
AUT;LUX;-40.0;0;0;2.435696;heuristic_border_ideology_gdp;
AUT;LVA;25.0;0;1;2.362374;heuristic_border_ideology_gdp;
AUT;MDA;5.0;0;1;8.708411;heuristic_border_ideology_gdp;
AUT;MKD;5.0;0;1;7.811248;heuristic_border_ideology_gdp;
AUT;MNE;15.0;0;1;5.078177;heuristic_border_ideology_gdp;
AUT;NLD;-35.0;0;0;1.195521;heuristic_border_ideology_gdp;
AUT;NOR;-35.0;0;0;1.494453;heuristic_border_ideology_gdp;
AUT;POL;25.0;0;1;2.177376;heuristic_border_ideology_gdp;
AUT;PRT;25.0;0;1;1.920032;heuristic_border_ideology_gdp;
AUT;ROU;25.0;0;1;2.820899;heuristic_border_ideology_gdp;
AUT;RUS;-50.0;0;0;3.789241;heuristic_border_ideology_gdp;
AUT;SRB;15.0;0;1;3.88844;heuristic_border_ideology_gdp;
AUT;SVK;50.0;1;1;2.137965;heuristic_border_ideology_gdp;
AUT;SVN;50.0;1;1;1.632721;heuristic_border_ideology_gdp;
AUT;SWE;-35.0;0;0;1.021308;heuristic_border_ideology_gdp;
AUT;TUR;-50.0;0;0;3.573711;heuristic_border_ideology_gdp;
AUT;UKR;5.0;0;1;10.896014;heuristic_border_ideology_gdp;
BEL;BGR;-40.0;0;0;2.916218;heuristic_border_ideology_gdp;
BEL;BIH;-50.0;0;0;5.705594;heuristic_border_ideology_gdp;
BEL;BLR;-60.0;0;0;6.506521;heuristic_border_ideology_gdp;
BEL;CHE;-40.0;0;0;1.862407;heuristic_border_ideology_gdp;
BEL;CYP;-40.0;0;0;1.87998;heuristic_border_ideology_gdp;
BEL;CZE;-40.0;0;0;1.682789;heuristic_border_ideology_gdp;
BEL;DEU;0.0;1;0;1.022482;heuristic_border_ideology_gdp;
BEL;DNK;30.0;0;1;1.302876;heuristic_border_ideology_gdp;
BEL;ESP;25.0;0;1;1.532799;heuristic_border_ideology_gdp;
BEL;EST;-40.0;0;0;1.728519;heuristic_border_ideology_gdp;
BEL;FIN;-35.0;0;0;1.076735;heuristic_border_ideology_gdp;
BEL;FRA;0.0;1;0;1.237787;heuristic_border_ideology_gdp;
BEL;GBR;30.0;0;1;1.04086;heuristic_border_ideology_gdp;
BEL;GEO;-50.0;0;0;5.979587;heuristic_border_ideology_gdp;
BEL;GRC;-40.0;0;0;2.196977;heuristic_border_ideology_gdp;
BEL;HRV;-40.0;0;0;2.191335;heuristic_border_ideology_gdp;
BEL;HUN;-40.0;0;0;2.285486;heuristic_border_ideology_gdp;
BEL;IRL;-40.0;0;0;2.18135;heuristic_border_ideology_gdp;
BEL;ISL;-40.0;0;0;1.773544;heuristic_border_ideology_gdp;
BEL;ITA;-35.0;0;0;1.403998;heuristic_border_ideology_gdp;
BEL;KOS;-60.0;0;0;10.845774;heuristic_border_ideology_gdp;
BEL;LTU;-40.0;0;0;1.771881;heuristic_border_ideology_gdp;
BEL;LUX;50.0;1;1;2.497575;heuristic_border_ideology_gdp;
BEL;LVA;-40.0;0;0;2.303845;heuristic_border_ideology_gdp;
BEL;MDA;-60.0;0;0;8.492655;heuristic_border_ideology_gdp;
BEL;MKD;-60.0;0;0;7.617719;heuristic_border_ideology_gdp;
BEL;MNE;-50.0;0;0;4.952362;heuristic_border_ideology_gdp;
BEL;NLD;55.0;1;1;1.225893;heuristic_border_ideology_gdp;
BEL;NOR;25.0;0;1;1.532419;heuristic_border_ideology_gdp;
BEL;POL;-40.0;0;0;2.12343;heuristic_border_ideology_gdp;
BEL;PRT;-40.0;0;0;1.872462;heuristic_border_ideology_gdp;
BEL;ROU;-40.0;0;0;2.751009;heuristic_border_ideology_gdp;
BEL;RUS;-50.0;0;0;3.69536;heuristic_border_ideology_gdp;
BEL;SRB;-50.0;0;0;3.792102;heuristic_border_ideology_gdp;
BEL;SVK;-40.0;0;0;2.084995;heuristic_border_ideology_gdp;
BEL;SVN;-40.0;0;0;1.592269;heuristic_border_ideology_gdp;
BEL;SWE;30.0;0;1;1.047254;heuristic_border_ideology_gdp;
BEL;TUR;-50.0;0;0;3.48517;heuristic_border_ideology_gdp;
BEL;UKR;-60.0;0;0;10.626058;heuristic_border_ideology_gdp;
BGR;BIH;25.0;0;1;1.956505;heuristic_border_ideology_gdp;
BGR;BLR;-40.0;0;0;2.231151;heuristic_border_ideology_gdp;
BGR;CHE;15.0;0;1;5.431185;heuristic_border_ideology_gdp;
BGR;CYP;25.0;0;1;1.551196;heuristic_border_ideology_gdp;
BGR;CZE;25.0;0;1;1.732967;heuristic_border_ideology_gdp;
BGR;DEU;25.0;0;1;2.852097;heuristic_border_ideology_gdp;
BGR;DNK;-50.0;0;0;3.799469;heuristic_border_ideology_gdp;
BGR;ESP;-40.0;0;0;1.902544;heuristic_border_ideology_gdp;
BGR;EST;25.0;0;1;1.687119;heuristic_border_ideology_gdp;
BGR;FIN;25.0;0;1;2.708391;heuristic_border_ideology_gdp;
BGR;FRA;25.0;0;1;2.355993;heuristic_border_ideology_gdp;
BGR;GBR;-40.0;0;0;2.801738;heuristic_border_ideology_gdp;
BGR;GEO;25.0;0;1;2.05046;heuristic_border_ideology_gdp;
BGR;GRC;55.0;1;1;1.327377;heuristic_border_ideology_gdp;
BGR;HRV;30.0;0;1;1.330795;heuristic_border_ideology_gdp;
BGR;HUN;30.0;0;1;1.275973;heuristic_border_ideology_gdp;
BGR;IRL;5.0;0;1;6.36129;heuristic_border_ideology_gdp;
BGR;ISL;15.0;0;1;5.17204;heuristic_border_ideology_gdp;
BGR;ITA;25.0;0;1;2.077081;heuristic_border_ideology_gdp;
BGR;KOS;15.0;0;1;3.719124;heuristic_border_ideology_gdp;
BGR;LTU;25.0;0;1;1.645832;heuristic_border_ideology_gdp;
BGR;LUX;-60.0;0;0;7.283473;heuristic_border_ideology_gdp;
BGR;LVA;30.0;0;1;1.265804;heuristic_border_ideology_gdp;
BGR;MDA;25.0;0;1;2.912216;heuristic_border_ideology_gdp;
BGR;MKD;50.0;1;1;2.612192;heuristic_border_ideology_gdp;
BGR;MNE;25.0;0;1;1.698214;heuristic_border_ideology_gdp;
BGR;NLD;-50.0;0;0;3.574971;heuristic_border_ideology_gdp;
BGR;NOR;-50.0;0;0;4.468868;heuristic_border_ideology_gdp;
BGR;POL;30.0;0;1;1.373352;heuristic_border_ideology_gdp;
BGR;PRT;25.0;0;1;1.557424;heuristic_border_ideology_gdp;
BGR;ROU;55.0;1;1;1.060054;heuristic_border_ideology_gdp;
BGR;RUS;-35.0;0;0;1.267176;heuristic_border_ideology_gdp;
BGR;SRB;55.0;1;1;1.300349;heuristic_border_ideology_gdp;
BGR;SVK;30.0;0;1;1.398669;heuristic_border_ideology_gdp;
BGR;SVN;25.0;0;1;1.831485;heuristic_border_ideology_gdp;
BGR;SWE;-50.0;0;0;3.054021;heuristic_border_ideology_gdp;
BGR;TUR;0.0;1;0;1.195099;heuristic_border_ideology_gdp;
BGR;UKR;15.0;0;1;3.643781;heuristic_border_ideology_gdp;
BIH;BLR;-35.0;0;0;1.140376;heuristic_border_ideology_gdp;
BIH;CHE;5.0;0;1;10.62614;heuristic_border_ideology_gdp;
BIH;CYP;15.0;0;1;3.034922;heuristic_border_ideology_gdp;
BIH;CZE;15.0;0;1;3.390558;heuristic_border_ideology_gdp;
BIH;DEU;15.0;0;1;5.580142;heuristic_border_ideology_gdp;
BIH;DNK;-60.0;0;0;7.43368;heuristic_border_ideology_gdp;
BIH;ESP;-50.0;0;0;3.722338;heuristic_border_ideology_gdp;
BIH;EST;15.0;0;1;3.300858;heuristic_border_ideology_gdp;
BIH;FIN;15.0;0;1;5.29898;heuristic_border_ideology_gdp;
BIH;FRA;15.0;0;1;4.609511;heuristic_border_ideology_gdp;
BIH;GBR;-50.0;0;0;5.481614;heuristic_border_ideology_gdp;
BIH;GEO;30.0;0;1;1.048022;heuristic_border_ideology_gdp;
BIH;GRC;25.0;0;1;2.59702;heuristic_border_ideology_gdp;
BIH;HRV;50.0;1;1;2.603707;heuristic_border_ideology_gdp;
BIH;HUN;25.0;0;1;2.496447;heuristic_border_ideology_gdp;
BIH;IRL;5.0;0;1;12.445897;heuristic_border_ideology_gdp;
BIH;ISL;5.0;0;1;10.119122;heuristic_border_ideology_gdp;
BIH;ITA;15.0;0;1;4.06382;heuristic_border_ideology_gdp;
BIH;KOS;25.0;0;1;1.900902;heuristic_border_ideology_gdp;
BIH;LTU;15.0;0;1;3.220078;heuristic_border_ideology_gdp;
BIH;LUX;-60.0;0;0;14.250151;heuristic_border_ideology_gdp;
BIH;LVA;25.0;0;1;2.476553;heuristic_border_ideology_gdp;
BIH;MDA;30.0;0;1;1.488479;heuristic_border_ideology_gdp;
BIH;MKD;30.0;0;1;1.335132;heuristic_border_ideology_gdp;
BIH;MNE;55.0;1;1;1.152096;heuristic_border_ideology_gdp;
BIH;NLD;-60.0;0;0;6.994449;heuristic_border_ideology_gdp;
BIH;NOR;-60.0;0;0;8.743363;heuristic_border_ideology_gdp;
BIH;POL;25.0;0;1;2.686971;heuristic_border_ideology_gdp;
BIH;PRT;15.0;0;1;3.047109;heuristic_border_ideology_gdp;
BIH;ROU;25.0;0;1;2.074;heuristic_border_ideology_gdp;
BIH;RUS;-40.0;0;0;1.543989;heuristic_border_ideology_gdp;
BIH;SRB;50.0;1;1;1.504599;heuristic_border_ideology_gdp;
BIH;SVK;25.0;0;1;2.736502;heuristic_border_ideology_gdp;
BIH;SVN;15.0;0;1;3.583309;heuristic_border_ideology_gdp;
BIH;SWE;-50.0;0;0;5.975208;heuristic_border_ideology_gdp;
BIH;TUR;-40.0;0;0;1.637107;heuristic_border_ideology_gdp;
BIH;UKR;25.0;0;1;1.862393;heuristic_border_ideology_gdp;
BLR;CHE;-60.0;0;0;12.117792;heuristic_border_ideology_gdp;
BLR;CYP;-50.0;0;0;3.460952;heuristic_border_ideology_gdp;
BLR;CZE;-50.0;0;0;3.866511;heuristic_border_ideology_gdp;
BLR;DEU;-60.0;0;0;6.363458;heuristic_border_ideology_gdp;
BLR;DNK;-60.0;0;0;8.477189;heuristic_border_ideology_gdp;
BLR;ESP;-50.0;0;0;4.244864;heuristic_border_ideology_gdp;
BLR;EST;-50.0;0;0;3.764218;heuristic_border_ideology_gdp;
BLR;FIN;-60.0;0;0;6.042828;heuristic_border_ideology_gdp;
BLR;FRA;-50.0;0;0;5.256575;heuristic_border_ideology_gdp;
BLR;GBR;-60.0;0;0;6.2511;heuristic_border_ideology_gdp;
BLR;GEO;-35.0;0;0;1.088122;heuristic_border_ideology_gdp;
BLR;GRC;-40.0;0;0;2.961579;heuristic_border_ideology_gdp;
BLR;HRV;-40.0;0;0;2.969205;heuristic_border_ideology_gdp;
BLR;HUN;-40.0;0;0;2.846888;heuristic_border_ideology_gdp;
BLR;IRL;-60.0;0;0;14.192999;heuristic_border_ideology_gdp;
BLR;ISL;-60.0;0;0;11.539602;heuristic_border_ideology_gdp;
BLR;ITA;-50.0;0;0;4.634281;heuristic_border_ideology_gdp;
BLR;KOS;-40.0;0;0;1.666908;heuristic_border_ideology_gdp;
BLR;LTU;-15.0;1;0;3.672099;heuristic_border_ideology_gdp;
BLR;LUX;-60.0;0;0;16.250527;heuristic_border_ideology_gdp;
BLR;LVA;-5.0;1;0;2.824201;heuristic_border_ideology_gdp;
BLR;MDA;-35.0;0;0;1.305253;heuristic_border_ideology_gdp;
BLR;MKD;-35.0;0;0;1.170782;heuristic_border_ideology_gdp;
BLR;MNE;-35.0;0;0;1.313822;heuristic_border_ideology_gdp;
BLR;NLD;-60.0;0;0;7.9763;heuristic_border_ideology_gdp;
BLR;NOR;-60.0;0;0;9.97072;heuristic_border_ideology_gdp;
BLR;POL;-15.0;1;0;3.064156;heuristic_border_ideology_gdp;
BLR;PRT;-50.0;0;0;3.474849;heuristic_border_ideology_gdp;
BLR;ROU;-40.0;0;0;2.36514;heuristic_border_ideology_gdp;
BLR;RUS;50.0;1;1;1.760727;heuristic_border_ideology_gdp;
BLR;SRB;-40.0;0;0;1.715809;heuristic_border_ideology_gdp;
BLR;SVK;-50.0;0;0;3.120641;heuristic_border_ideology_gdp;
BLR;SVN;-50.0;0;0;4.086319;heuristic_border_ideology_gdp;
BLR;SWE;-60.0;0;0;6.813983;heuristic_border_ideology_gdp;
BLR;TUR;25.0;0;1;1.866917;heuristic_border_ideology_gdp;
BLR;UKR;-5.0;1;0;1.63314;heuristic_border_ideology_gdp;
CHE;CYP;15.0;0;1;3.501289;heuristic_border_ideology_gdp;
CHE;CZE;15.0;0;1;3.134038;heuristic_border_ideology_gdp;
CHE;DEU;50.0;1;1;1.904278;heuristic_border_ideology_gdp;
CHE;DNK;-35.0;0;0;1.429459;heuristic_border_ideology_gdp;
CHE;ESP;-40.0;0;0;2.854695;heuristic_border_ideology_gdp;
CHE;EST;15.0;0;1;3.219206;heuristic_border_ideology_gdp;
CHE;FIN;25.0;0;1;2.005318;heuristic_border_ideology_gdp;
CHE;FRA;50.0;1;1;2.305264;heuristic_border_ideology_gdp;
CHE;GBR;-40.0;0;0;1.938505;heuristic_border_ideology_gdp;
CHE;GEO;5.0;0;1;11.136426;heuristic_border_ideology_gdp;
CHE;GRC;15.0;0;1;4.091666;heuristic_border_ideology_gdp;
CHE;HRV;15.0;0;1;4.081158;heuristic_border_ideology_gdp;
CHE;HUN;15.0;0;1;4.256505;heuristic_border_ideology_gdp;
CHE;IRL;30.0;0;1;1.171253;heuristic_border_ideology_gdp;
CHE;ISL;30.0;0;1;1.050105;heuristic_border_ideology_gdp;
CHE;ITA;50.0;1;1;2.614816;heuristic_border_ideology_gdp;
CHE;KOS;5.0;0;1;20.199248;heuristic_border_ideology_gdp;
CHE;LTU;15.0;0;1;3.299963;heuristic_border_ideology_gdp;
CHE;LUX;-35.0;0;0;1.341047;heuristic_border_ideology_gdp;
CHE;LVA;15.0;0;1;4.290698;heuristic_border_ideology_gdp;
CHE;MDA;5.0;0;1;15.816782;heuristic_border_ideology_gdp;
CHE;MKD;5.0;0;1;14.187295;heuristic_border_ideology_gdp;
CHE;MNE;5.0;0;1;9.223315;heuristic_border_ideology_gdp;
CHE;NLD;-40.0;0;0;1.519225;heuristic_border_ideology_gdp;
CHE;NOR;-35.0;0;0;1.215338;heuristic_border_ideology_gdp;
CHE;POL;15.0;0;1;3.954691;heuristic_border_ideology_gdp;
CHE;PRT;15.0;0;1;3.487286;heuristic_border_ideology_gdp;
CHE;ROU;15.0;0;1;5.1235;heuristic_border_ideology_gdp;
CHE;RUS;-60.0;0;0;6.882266;heuristic_border_ideology_gdp;
CHE;SRB;5.0;0;1;7.062438;heuristic_border_ideology_gdp;
CHE;SVK;15.0;0;1;3.88311;heuristic_border_ideology_gdp;
CHE;SVN;25.0;0;1;2.965454;heuristic_border_ideology_gdp;
CHE;SWE;-40.0;0;0;1.778371;heuristic_border_ideology_gdp;
CHE;TUR;-60.0;0;0;6.490805;heuristic_border_ideology_gdp;
CHE;UKR;5.0;0;1;19.790047;heuristic_border_ideology_gdp;
CYP;CZE;30.0;0;1;1.117181;heuristic_border_ideology_gdp;
CYP;DEU;25.0;0;1;1.838644;heuristic_border_ideology_gdp;
CYP;DNK;-40.0;0;0;2.449381;heuristic_border_ideology_gdp;
CYP;ESP;-35.0;0;0;1.226502;heuristic_border_ideology_gdp;
CYP;EST;30.0;0;1;1.087625;heuristic_border_ideology_gdp;
CYP;FIN;25.0;0;1;1.746002;heuristic_border_ideology_gdp;
CYP;FRA;25.0;0;1;1.518823;heuristic_border_ideology_gdp;
CYP;GBR;-40.0;0;0;1.806179;heuristic_border_ideology_gdp;
CYP;GEO;15.0;0;1;3.180665;heuristic_border_ideology_gdp;
CYP;GRC;30.0;0;1;1.168617;heuristic_border_ideology_gdp;
CYP;HRV;30.0;0;1;1.165616;heuristic_border_ideology_gdp;
CYP;HUN;30.0;0;1;1.215697;heuristic_border_ideology_gdp;
CYP;IRL;15.0;0;1;4.100895;heuristic_border_ideology_gdp;
CYP;ISL;15.0;0;1;3.334228;heuristic_border_ideology_gdp;
CYP;ITA;30.0;0;1;1.339019;heuristic_border_ideology_gdp;
CYP;KOS;15.0;0;1;5.769089;heuristic_border_ideology_gdp;
CYP;LTU;30.0;0;1;1.061008;heuristic_border_ideology_gdp;
CYP;LUX;-50.0;0;0;4.695392;heuristic_border_ideology_gdp;
CYP;LVA;30.0;0;1;1.225462;heuristic_border_ideology_gdp;
CYP;MDA;15.0;0;1;4.517417;heuristic_border_ideology_gdp;
CYP;MKD;15.0;0;1;4.052021;heuristic_border_ideology_gdp;
CYP;MNE;25.0;0;1;2.634263;heuristic_border_ideology_gdp;
CYP;NLD;-40.0;0;0;2.304655;heuristic_border_ideology_gdp;
CYP;NOR;-40.0;0;0;2.880918;heuristic_border_ideology_gdp;
CYP;POL;30.0;0;1;1.129496;heuristic_border_ideology_gdp;
CYP;PRT;30.0;0;1;1.004015;heuristic_border_ideology_gdp;
CYP;ROU;30.0;0;1;1.463318;heuristic_border_ideology_gdp;
CYP;RUS;-40.0;0;0;1.965638;heuristic_border_ideology_gdp;
CYP;SRB;25.0;0;1;2.017097;heuristic_border_ideology_gdp;
CYP;SVK;30.0;0;1;1.109052;heuristic_border_ideology_gdp;
CYP;SVN;30.0;0;1;1.180692;heuristic_border_ideology_gdp;
CYP;SWE;-40.0;0;0;1.968817;heuristic_border_ideology_gdp;
CYP;TUR;-40.0;0;0;1.853833;heuristic_border_ideology_gdp;
CYP;UKR;15.0;0;1;5.652218;heuristic_border_ideology_gdp;
CZE;DEU;50.0;1;1;1.645788;heuristic_border_ideology_gdp;
CZE;DNK;-40.0;0;0;2.192465;heuristic_border_ideology_gdp;
CZE;ESP;-35.0;0;0;1.097854;heuristic_border_ideology_gdp;
CZE;EST;30.0;0;1;1.027175;heuristic_border_ideology_gdp;
CZE;FIN;25.0;0;1;1.562863;heuristic_border_ideology_gdp;
CZE;FRA;30.0;0;1;1.359514;heuristic_border_ideology_gdp;
CZE;GBR;-40.0;0;0;1.616729;heuristic_border_ideology_gdp;
CZE;GEO;15.0;0;1;3.553379;heuristic_border_ideology_gdp;
CZE;GRC;30.0;0;1;1.305557;heuristic_border_ideology_gdp;
CZE;HRV;30.0;0;1;1.302204;heuristic_border_ideology_gdp;
CZE;HUN;30.0;0;1;1.358154;heuristic_border_ideology_gdp;
CZE;IRL;15.0;0;1;3.670751;heuristic_border_ideology_gdp;
CZE;ISL;25.0;0;1;2.9845;heuristic_border_ideology_gdp;
CZE;ITA;30.0;0;1;1.198569;heuristic_border_ideology_gdp;
CZE;KOS;5.0;0;1;6.445118;heuristic_border_ideology_gdp;
CZE;LTU;30.0;0;1;1.052943;heuristic_border_ideology_gdp;
CZE;LUX;-50.0;0;0;4.202892;heuristic_border_ideology_gdp;
CZE;LVA;30.0;0;1;1.369064;heuristic_border_ideology_gdp;
CZE;MDA;15.0;0;1;5.046773;heuristic_border_ideology_gdp;
CZE;MKD;15.0;0;1;4.526842;heuristic_border_ideology_gdp;
CZE;MNE;25.0;0;1;2.942949;heuristic_border_ideology_gdp;
CZE;NLD;-40.0;0;0;2.062919;heuristic_border_ideology_gdp;
CZE;NOR;-40.0;0;0;2.578739;heuristic_border_ideology_gdp;
CZE;POL;55.0;1;1;1.261852;heuristic_border_ideology_gdp;
CZE;PRT;30.0;0;1;1.112713;heuristic_border_ideology_gdp;
CZE;ROU;25.0;0;1;1.634792;heuristic_border_ideology_gdp;
CZE;RUS;-40.0;0;0;2.195974;heuristic_border_ideology_gdp;
CZE;SRB;25.0;0;1;2.253462;heuristic_border_ideology_gdp;
CZE;SVK;55.0;1;1;1.239012;heuristic_border_ideology_gdp;
CZE;SVN;30.0;0;1;1.056849;heuristic_border_ideology_gdp;
CZE;SWE;-40.0;0;0;1.762308;heuristic_border_ideology_gdp;
CZE;TUR;-40.0;0;0;2.071068;heuristic_border_ideology_gdp;
CZE;UKR;5.0;0;1;6.314552;heuristic_border_ideology_gdp;
DEU;DNK;0.0;1;0;1.332167;heuristic_border_ideology_gdp;
DEU;ESP;-35.0;0;0;1.499096;heuristic_border_ideology_gdp;
DEU;EST;25.0;0;1;1.690513;heuristic_border_ideology_gdp;
DEU;FIN;30.0;0;1;1.05306;heuristic_border_ideology_gdp;
DEU;FRA;55.0;1;1;1.210571;heuristic_border_ideology_gdp;
DEU;GBR;-35.0;0;0;1.017974;heuristic_border_ideology_gdp;
DEU;GEO;15.0;0;1;5.84811;heuristic_border_ideology_gdp;
DEU;GRC;25.0;0;1;2.148671;heuristic_border_ideology_gdp;
DEU;HRV;25.0;0;1;2.143153;heuristic_border_ideology_gdp;
DEU;HUN;25.0;0;1;2.235233;heuristic_border_ideology_gdp;
DEU;IRL;25.0;0;1;2.230391;heuristic_border_ideology_gdp;
DEU;ISL;25.0;0;1;1.813417;heuristic_border_ideology_gdp;
DEU;ITA;30.0;0;1;1.373127;heuristic_border_ideology_gdp;
DEU;KOS;5.0;0;1;10.607301;heuristic_border_ideology_gdp;
DEU;LTU;25.0;0;1;1.732921;heuristic_border_ideology_gdp;
DEU;LUX;-5.0;1;0;2.553726;heuristic_border_ideology_gdp;
DEU;LVA;25.0;0;1;2.253189;heuristic_border_ideology_gdp;
DEU;MDA;5.0;0;1;8.305922;heuristic_border_ideology_gdp;
DEU;MKD;5.0;0;1;7.450223;heuristic_border_ideology_gdp;
DEU;MNE;15.0;0;1;4.843471;heuristic_border_ideology_gdp;
DEU;NLD;0.0;1;0;1.253454;heuristic_border_ideology_gdp;
DEU;NOR;-40.0;0;0;1.566871;heuristic_border_ideology_gdp;
DEU;POL;50.0;1;1;2.076741;heuristic_border_ideology_gdp;
DEU;PRT;25.0;0;1;1.831291;heuristic_border_ideology_gdp;
DEU;ROU;25.0;0;1;2.690521;heuristic_border_ideology_gdp;
DEU;RUS;-50.0;0;0;3.614108;heuristic_border_ideology_gdp;
DEU;SRB;15.0;0;1;3.708722;heuristic_border_ideology_gdp;
DEU;SVK;25.0;0;1;2.039151;heuristic_border_ideology_gdp;
DEU;SVN;25.0;0;1;1.557259;heuristic_border_ideology_gdp;
DEU;SWE;-35.0;0;0;1.070799;heuristic_border_ideology_gdp;
DEU;TUR;-50.0;0;0;3.408539;heuristic_border_ideology_gdp;
DEU;UKR;5.0;0;1;10.392416;heuristic_border_ideology_gdp;
DNK;ESP;25.0;0;1;1.997046;heuristic_border_ideology_gdp;
DNK;EST;-40.0;0;0;2.252045;heuristic_border_ideology_gdp;
DNK;FIN;-35.0;0;0;1.402851;heuristic_border_ideology_gdp;
DNK;FRA;-40.0;0;0;1.612683;heuristic_border_ideology_gdp;
DNK;GBR;30.0;0;1;1.356111;heuristic_border_ideology_gdp;
DNK;GEO;-60.0;0;0;7.790659;heuristic_border_ideology_gdp;
DNK;GRC;-40.0;0;0;2.862388;heuristic_border_ideology_gdp;
DNK;HRV;-40.0;0;0;2.855037;heuristic_border_ideology_gdp;
DNK;HUN;-40.0;0;0;2.977704;heuristic_border_ideology_gdp;
DNK;IRL;-40.0;0;0;1.674258;heuristic_border_ideology_gdp;
DNK;ISL;-35.0;0;0;1.361253;heuristic_border_ideology_gdp;
DNK;ITA;-40.0;0;0;1.829235;heuristic_border_ideology_gdp;
DNK;KOS;-60.0;0;0;14.130696;heuristic_border_ideology_gdp;
DNK;LTU;-40.0;0;0;2.30854;heuristic_border_ideology_gdp;
DNK;LUX;25.0;0;1;1.916971;heuristic_border_ideology_gdp;
DNK;LVA;-50.0;0;0;3.001624;heuristic_border_ideology_gdp;
DNK;MDA;-60.0;0;0;11.064874;heuristic_border_ideology_gdp;
DNK;MKD;-60.0;0;0;9.924941;heuristic_border_ideology_gdp;
DNK;MNE;-60.0;0;0;6.452312;heuristic_border_ideology_gdp;
DNK;NLD;30.0;0;1;1.062797;heuristic_border_ideology_gdp;
DNK;NOR;30.0;0;1;1.176182;heuristic_border_ideology_gdp;
DNK;POL;-40.0;0;0;2.766565;heuristic_border_ideology_gdp;
DNK;PRT;-40.0;0;0;2.439585;heuristic_border_ideology_gdp;
DNK;ROU;-50.0;0;0;3.584223;heuristic_border_ideology_gdp;
DNK;RUS;-50.0;0;0;4.814595;heuristic_border_ideology_gdp;
DNK;SRB;-50.0;0;0;4.940637;heuristic_border_ideology_gdp;
DNK;SVK;-40.0;0;0;2.71649;heuristic_border_ideology_gdp;
DNK;SVN;-40.0;0;0;2.074529;heuristic_border_ideology_gdp;
DNK;SWE;30.0;0;1;1.244087;heuristic_border_ideology_gdp;
DNK;TUR;-50.0;0;0;4.540743;heuristic_border_ideology_gdp;
DNK;UKR;-60.0;0;0;13.844433;heuristic_border_ideology_gdp;
ESP;EST;-35.0;0;0;1.127688;heuristic_border_ideology_gdp;
ESP;FIN;-35.0;0;0;1.423562;heuristic_border_ideology_gdp;
ESP;FRA;-35.0;0;0;1.238338;heuristic_border_ideology_gdp;
ESP;GBR;30.0;0;1;1.472627;heuristic_border_ideology_gdp;
ESP;GEO;-50.0;0;0;3.901091;heuristic_border_ideology_gdp;
ESP;GRC;-35.0;0;0;1.433311;heuristic_border_ideology_gdp;
ESP;HRV;-35.0;0;0;1.42963;heuristic_border_ideology_gdp;
ESP;HUN;-35.0;0;0;1.491054;heuristic_border_ideology_gdp;
ESP;IRL;-50.0;0;0;3.34357;heuristic_border_ideology_gdp;
ESP;ISL;-40.0;0;0;2.718486;heuristic_border_ideology_gdp;
ESP;ITA;-35.0;0;0;1.091739;heuristic_border_ideology_gdp;
ESP;KOS;-60.0;0;0;7.075798;heuristic_border_ideology_gdp;
ESP;LTU;-35.0;0;0;1.155977;heuristic_border_ideology_gdp;
ESP;LUX;15.0;0;1;3.82828;heuristic_border_ideology_gdp;
ESP;LVA;-40.0;0;0;1.503032;heuristic_border_ideology_gdp;
ESP;MDA;-50.0;0;0;5.54062;heuristic_border_ideology_gdp;
ESP;MKD;-50.0;0;0;4.969811;heuristic_border_ideology_gdp;
ESP;MNE;-50.0;0;0;3.230928;heuristic_border_ideology_gdp;
ESP;NLD;25.0;0;1;1.879047;heuristic_border_ideology_gdp;
ESP;NOR;25.0;0;1;2.34889;heuristic_border_ideology_gdp;
ESP;POL;-35.0;0;0;1.385329;heuristic_border_ideology_gdp;
ESP;PRT;0.0;1;0;1.221597;heuristic_border_ideology_gdp;
ESP;ROU;-40.0;0;0;1.794762;heuristic_border_ideology_gdp;
ESP;RUS;-40.0;0;0;2.410858;heuristic_border_ideology_gdp;
ESP;SRB;-40.0;0;0;2.473973;heuristic_border_ideology_gdp;
ESP;SVK;-35.0;0;0;1.360254;heuristic_border_ideology_gdp;
ESP;SVN;-35.0;0;0;1.038799;heuristic_border_ideology_gdp;
ESP;SWE;25.0;0;1;1.60523;heuristic_border_ideology_gdp;
ESP;TUR;-40.0;0;0;2.27373;heuristic_border_ideology_gdp;
ESP;UKR;-60.0;0;0;6.932455;heuristic_border_ideology_gdp;
EST;FIN;25.0;0;1;1.605334;heuristic_border_ideology_gdp;
EST;FRA;30.0;0;1;1.396459;heuristic_border_ideology_gdp;
EST;GBR;-40.0;0;0;1.660664;heuristic_border_ideology_gdp;
EST;GEO;15.0;0;1;3.459371;heuristic_border_ideology_gdp;
EST;GRC;30.0;0;1;1.271017;heuristic_border_ideology_gdp;
EST;HRV;30.0;0;1;1.267753;heuristic_border_ideology_gdp;
EST;HUN;30.0;0;1;1.322222;heuristic_border_ideology_gdp;
EST;IRL;15.0;0;1;3.770504;heuristic_border_ideology_gdp;
EST;ISL;15.0;0;1;3.065604;heuristic_border_ideology_gdp;
EST;ITA;30.0;0;1;1.23114;heuristic_border_ideology_gdp;
EST;KOS;5.0;0;1;6.274606;heuristic_border_ideology_gdp;
EST;LTU;30.0;0;1;1.025086;heuristic_border_ideology_gdp;
EST;LUX;-50.0;0;0;4.317106;heuristic_border_ideology_gdp;
EST;LVA;55.0;1;1;1.332844;heuristic_border_ideology_gdp;
EST;MDA;15.0;0;1;4.913256;heuristic_border_ideology_gdp;
EST;MKD;15.0;0;1;4.407079;heuristic_border_ideology_gdp;
EST;MNE;25.0;0;1;2.86509;heuristic_border_ideology_gdp;
EST;NLD;-40.0;0;0;2.118979;heuristic_border_ideology_gdp;
EST;NOR;-40.0;0;0;2.648816;heuristic_border_ideology_gdp;
EST;POL;30.0;0;1;1.228468;heuristic_border_ideology_gdp;
EST;PRT;30.0;0;1;1.083275;heuristic_border_ideology_gdp;
EST;ROU;25.0;0;1;1.591542;heuristic_border_ideology_gdp;
EST;RUS;-5.0;1;0;2.137877;heuristic_border_ideology_gdp;
EST;SRB;25.0;0;1;2.193845;heuristic_border_ideology_gdp;
EST;SVK;30.0;0;1;1.206232;heuristic_border_ideology_gdp;
EST;SVN;30.0;0;1;1.085569;heuristic_border_ideology_gdp;
EST;SWE;-40.0;0;0;1.810199;heuristic_border_ideology_gdp;
EST;TUR;-40.0;0;0;2.016275;heuristic_border_ideology_gdp;
EST;UKR;5.0;0;1;6.147494;heuristic_border_ideology_gdp;
FIN;FRA;30.0;0;1;1.149575;heuristic_border_ideology_gdp;
FIN;GBR;-35.0;0;0;1.034466;heuristic_border_ideology_gdp;
FIN;GEO;15.0;0;1;5.553446;heuristic_border_ideology_gdp;
FIN;GRC;25.0;0;1;2.040408;heuristic_border_ideology_gdp;
FIN;HRV;25.0;0;1;2.035167;heuristic_border_ideology_gdp;
FIN;HUN;25.0;0;1;2.122609;heuristic_border_ideology_gdp;
FIN;IRL;25.0;0;1;2.348735;heuristic_border_ideology_gdp;
FIN;ISL;25.0;0;1;1.909636;heuristic_border_ideology_gdp;
FIN;ITA;30.0;0;1;1.303941;heuristic_border_ideology_gdp;
FIN;KOS;5.0;0;1;10.07284;heuristic_border_ideology_gdp;
FIN;LTU;25.0;0;1;1.645606;heuristic_border_ideology_gdp;
FIN;LUX;-40.0;0;0;2.689226;heuristic_border_ideology_gdp;
FIN;LVA;25.0;0;1;2.139659;heuristic_border_ideology_gdp;
FIN;MDA;5.0;0;1;7.887418;heuristic_border_ideology_gdp;
FIN;MKD;5.0;0;1;7.074835;heuristic_border_ideology_gdp;
FIN;MNE;15.0;0;1;4.599427;heuristic_border_ideology_gdp;
FIN;NLD;-35.0;0;0;1.319961;heuristic_border_ideology_gdp;
FIN;NOR;-5.0;1;0;1.650009;heuristic_border_ideology_gdp;
FIN;POL;25.0;0;1;1.972102;heuristic_border_ideology_gdp;
FIN;PRT;25.0;0;1;1.739019;heuristic_border_ideology_gdp;
FIN;ROU;25.0;0;1;2.554956;heuristic_border_ideology_gdp;
FIN;RUS;-15.0;1;0;3.432007;heuristic_border_ideology_gdp;
FIN;SRB;15.0;0;1;3.521854;heuristic_border_ideology_gdp;
FIN;SVK;25.0;0;1;1.936406;heuristic_border_ideology_gdp;
FIN;SVN;30.0;0;1;1.478795;heuristic_border_ideology_gdp;
FIN;SWE;0.0;1;0;1.127615;heuristic_border_ideology_gdp;
FIN;TUR;-50.0;0;0;3.236796;heuristic_border_ideology_gdp;
FIN;UKR;5.0;0;1;9.868782;heuristic_border_ideology_gdp;
FRA;GBR;-35.0;0;0;1.189196;heuristic_border_ideology_gdp;
FRA;GEO;15.0;0;1;4.830868;heuristic_border_ideology_gdp;
FRA;GRC;25.0;0;1;1.774923;heuristic_border_ideology_gdp;
FRA;HRV;25.0;0;1;1.770365;heuristic_border_ideology_gdp;
FRA;HUN;25.0;0;1;1.846429;heuristic_border_ideology_gdp;
FRA;IRL;25.0;0;1;2.700047;heuristic_border_ideology_gdp;
FRA;ISL;25.0;0;1;2.19527;heuristic_border_ideology_gdp;
FRA;ITA;55.0;1;1;1.134281;heuristic_border_ideology_gdp;
FRA;KOS;5.0;0;1;8.762228;heuristic_border_ideology_gdp;
FRA;LTU;30.0;0;1;1.43149;heuristic_border_ideology_gdp;
FRA;LUX;-15.0;1;0;3.091467;heuristic_border_ideology_gdp;
FRA;LVA;25.0;0;1;1.861261;heuristic_border_ideology_gdp;
FRA;MDA;5.0;0;1;6.861159;heuristic_border_ideology_gdp;
FRA;MKD;5.0;0;1;6.154304;heuristic_border_ideology_gdp;
FRA;MNE;15.0;0;1;4.00098;heuristic_border_ideology_gdp;
FRA;NLD;-40.0;0;0;1.517395;heuristic_border_ideology_gdp;
FRA;NOR;-40.0;0;0;1.896809;heuristic_border_ideology_gdp;
FRA;POL;25.0;0;1;1.715505;heuristic_border_ideology_gdp;
FRA;PRT;25.0;0;1;1.512749;heuristic_border_ideology_gdp;
FRA;ROU;25.0;0;1;2.222522;heuristic_border_ideology_gdp;
FRA;RUS;-40.0;0;0;2.985457;heuristic_border_ideology_gdp;
FRA;SRB;15.0;0;1;3.063614;heuristic_border_ideology_gdp;
FRA;SVK;25.0;0;1;1.684454;heuristic_border_ideology_gdp;
FRA;SVN;30.0;0;1;1.286384;heuristic_border_ideology_gdp;
FRA;SWE;-35.0;0;0;1.296278;heuristic_border_ideology_gdp;
FRA;TUR;-40.0;0;0;2.815645;heuristic_border_ideology_gdp;
FRA;UKR;5.0;0;1;8.584721;heuristic_border_ideology_gdp;
GBR;GEO;-50.0;0;0;5.744851;heuristic_border_ideology_gdp;
GBR;GRC;-40.0;0;0;2.110732;heuristic_border_ideology_gdp;
GBR;HRV;-40.0;0;0;2.105311;heuristic_border_ideology_gdp;
GBR;HUN;-40.0;0;0;2.195766;heuristic_border_ideology_gdp;
GBR;IRL;-5.0;1;0;2.27048;heuristic_border_ideology_gdp;
GBR;ISL;-40.0;0;0;1.846011;heuristic_border_ideology_gdp;
GBR;ITA;-35.0;0;0;1.348882;heuristic_border_ideology_gdp;
GBR;KOS;-60.0;0;0;10.420011;heuristic_border_ideology_gdp;
GBR;LTU;-40.0;0;0;1.702323;heuristic_border_ideology_gdp;
GBR;LUX;25.0;0;1;2.599627;heuristic_border_ideology_gdp;
GBR;LVA;-40.0;0;0;2.213405;heuristic_border_ideology_gdp;
GBR;MDA;-60.0;0;0;8.159266;heuristic_border_ideology_gdp;
GBR;MKD;-60.0;0;0;7.318677;heuristic_border_ideology_gdp;
GBR;MNE;-50.0;0;0;4.757951;heuristic_border_ideology_gdp;
GBR;NLD;30.0;0;1;1.275983;heuristic_border_ideology_gdp;
GBR;NOR;25.0;0;1;1.595034;heuristic_border_ideology_gdp;
GBR;POL;-40.0;0;0;2.040072;heuristic_border_ideology_gdp;
GBR;PRT;-40.0;0;0;1.798956;heuristic_border_ideology_gdp;
GBR;ROU;-40.0;0;0;2.643015;heuristic_border_ideology_gdp;
GBR;RUS;-50.0;0;0;3.550295;heuristic_border_ideology_gdp;
GBR;SRB;-50.0;0;0;3.643239;heuristic_border_ideology_gdp;
GBR;SVK;-40.0;0;0;2.003146;heuristic_border_ideology_gdp;
GBR;SVN;-40.0;0;0;1.529763;heuristic_border_ideology_gdp;
GBR;SWE;30.0;0;1;1.090045;heuristic_border_ideology_gdp;
GBR;TUR;-50.0;0;0;3.348355;heuristic_border_ideology_gdp;
GBR;UKR;-60.0;0;0;10.20892;heuristic_border_ideology_gdp;
GEO;GRC;25.0;0;1;2.721734;heuristic_border_ideology_gdp;
GEO;HRV;25.0;0;1;2.728742;heuristic_border_ideology_gdp;
GEO;HUN;25.0;0;1;2.616331;heuristic_border_ideology_gdp;
GEO;IRL;5.0;0;1;13.04357;heuristic_border_ideology_gdp;
GEO;ISL;5.0;0;1;10.60506;heuristic_border_ideology_gdp;
GEO;ITA;15.0;0;1;4.258971;heuristic_border_ideology_gdp;
GEO;KOS;25.0;0;1;1.8138;heuristic_border_ideology_gdp;
GEO;LTU;15.0;0;1;3.374712;heuristic_border_ideology_gdp;
GEO;LUX;-60.0;0;0;14.934469;heuristic_border_ideology_gdp;
GEO;LVA;25.0;0;1;2.595481;heuristic_border_ideology_gdp;
GEO;MDA;30.0;0;1;1.420275;heuristic_border_ideology_gdp;
GEO;MKD;30.0;0;1;1.273954;heuristic_border_ideology_gdp;
GEO;MNE;30.0;0;1;1.207421;heuristic_border_ideology_gdp;
GEO;NLD;-60.0;0;0;7.330334;heuristic_border_ideology_gdp;
GEO;NOR;-60.0;0;0;9.163235;heuristic_border_ideology_gdp;
GEO;POL;25.0;0;1;2.816004;heuristic_border_ideology_gdp;
GEO;PRT;15.0;0;1;3.193436;heuristic_border_ideology_gdp;
GEO;ROU;25.0;0;1;2.173597;heuristic_border_ideology_gdp;
GEO;RUS;-5.0;1;0;1.618134;heuristic_border_ideology_gdp;
GEO;SRB;25.0;0;1;1.576853;heuristic_border_ideology_gdp;
GEO;SVK;25.0;0;1;2.867914;heuristic_border_ideology_gdp;
GEO;SVN;15.0;0;1;3.755386;heuristic_border_ideology_gdp;
GEO;SWE;-60.0;0;0;6.262148;heuristic_border_ideology_gdp;
GEO;TUR;-5.0;1;0;1.715723;heuristic_border_ideology_gdp;
GEO;UKR;25.0;0;1;1.777056;heuristic_border_ideology_gdp;
GRC;HRV;30.0;0;1;1.002575;heuristic_border_ideology_gdp;
GRC;HUN;30.0;0;1;1.040287;heuristic_border_ideology_gdp;
GRC;IRL;15.0;0;1;4.792376;heuristic_border_ideology_gdp;
GRC;ISL;15.0;0;1;3.896436;heuristic_border_ideology_gdp;
GRC;ITA;25.0;0;1;1.564801;heuristic_border_ideology_gdp;
GRC;KOS;15.0;0;1;4.93668;heuristic_border_ideology_gdp;
GRC;LTU;30.0;0;1;1.239913;heuristic_border_ideology_gdp;
GRC;LUX;-50.0;0;0;5.487116;heuristic_border_ideology_gdp;
GRC;LVA;30.0;0;1;1.048643;heuristic_border_ideology_gdp;
GRC;MDA;15.0;0;1;3.865609;heuristic_border_ideology_gdp;
GRC;MKD;40.0;1;1;3.467364;heuristic_border_ideology_gdp;
GRC;MNE;25.0;0;1;2.254171;heuristic_border_ideology_gdp;
GRC;NLD;-40.0;0;0;2.693259;heuristic_border_ideology_gdp;
GRC;NOR;-50.0;0;0;3.366691;heuristic_border_ideology_gdp;
GRC;POL;30.0;0;1;1.034636;heuristic_border_ideology_gdp;
GRC;PRT;30.0;0;1;1.17331;heuristic_border_ideology_gdp;
GRC;ROU;30.0;0;1;1.252179;heuristic_border_ideology_gdp;
GRC;RUS;-40.0;0;0;1.68202;heuristic_border_ideology_gdp;
GRC;SRB;25.0;0;1;1.726054;heuristic_border_ideology_gdp;
GRC;SVK;30.0;0;1;1.053709;heuristic_border_ideology_gdp;
GRC;SVN;30.0;0;1;1.379777;heuristic_border_ideology_gdp;
GRC;SWE;-40.0;0;0;2.300794;heuristic_border_ideology_gdp;
GRC;TUR;-5.0;1;0;1.586348;heuristic_border_ideology_gdp;
GRC;UKR;15.0;0;1;4.836672;heuristic_border_ideology_gdp;
HRV;HUN;55.0;1;1;1.042965;heuristic_border_ideology_gdp;
HRV;IRL;15.0;0;1;4.780068;heuristic_border_ideology_gdp;
HRV;ISL;15.0;0;1;3.886429;heuristic_border_ideology_gdp;
HRV;ITA;25.0;0;1;1.560782;heuristic_border_ideology_gdp;
HRV;KOS;15.0;0;1;4.949392;heuristic_border_ideology_gdp;
HRV;LTU;30.0;0;1;1.236728;heuristic_border_ideology_gdp;
HRV;LUX;-50.0;0;0;5.473024;heuristic_border_ideology_gdp;
HRV;LVA;30.0;0;1;1.051343;heuristic_border_ideology_gdp;
HRV;MDA;15.0;0;1;3.875562;heuristic_border_ideology_gdp;
HRV;MKD;15.0;0;1;3.476292;heuristic_border_ideology_gdp;
HRV;MNE;50.0;1;1;2.259975;heuristic_border_ideology_gdp;
HRV;NLD;-40.0;0;0;2.686342;heuristic_border_ideology_gdp;
HRV;NOR;-50.0;0;0;3.358044;heuristic_border_ideology_gdp;
HRV;POL;30.0;0;1;1.031979;heuristic_border_ideology_gdp;
HRV;PRT;30.0;0;1;1.170296;heuristic_border_ideology_gdp;
HRV;ROU;30.0;0;1;1.255403;heuristic_border_ideology_gdp;
HRV;RUS;-40.0;0;0;1.686351;heuristic_border_ideology_gdp;
HRV;SRB;50.0;1;1;1.730499;heuristic_border_ideology_gdp;
HRV;SVK;30.0;0;1;1.051002;heuristic_border_ideology_gdp;
HRV;SVN;55.0;1;1;1.376234;heuristic_border_ideology_gdp;
HRV;SWE;-40.0;0;0;2.294885;heuristic_border_ideology_gdp;
HRV;TUR;-40.0;0;0;1.590432;heuristic_border_ideology_gdp;
HRV;UKR;15.0;0;1;4.849126;heuristic_border_ideology_gdp;
HUN;IRL;15.0;0;1;4.985444;heuristic_border_ideology_gdp;
HUN;ISL;15.0;0;1;4.05341;heuristic_border_ideology_gdp;
HUN;ITA;25.0;0;1;1.627841;heuristic_border_ideology_gdp;
HUN;KOS;15.0;0;1;4.7455;heuristic_border_ideology_gdp;
HUN;LTU;30.0;0;1;1.289865;heuristic_border_ideology_gdp;
HUN;LUX;-50.0;0;0;5.708173;heuristic_border_ideology_gdp;
HUN;LVA;30.0;0;1;1.008033;heuristic_border_ideology_gdp;
HUN;MDA;15.0;0;1;3.715908;heuristic_border_ideology_gdp;
HUN;MKD;15.0;0;1;3.333085;heuristic_border_ideology_gdp;
HUN;MNE;25.0;0;1;2.166875;heuristic_border_ideology_gdp;
HUN;NLD;-40.0;0;0;2.801761;heuristic_border_ideology_gdp;
HUN;NOR;-50.0;0;0;3.502323;heuristic_border_ideology_gdp;
HUN;POL;30.0;0;1;1.076318;heuristic_border_ideology_gdp;
HUN;PRT;30.0;0;1;1.220578;heuristic_border_ideology_gdp;
HUN;ROU;55.0;1;1;1.203687;heuristic_border_ideology_gdp;
HUN;RUS;-40.0;0;0;1.616882;heuristic_border_ideology_gdp;
HUN;SRB;50.0;1;1;1.65921;heuristic_border_ideology_gdp;
HUN;SVK;55.0;1;1;1.096159;heuristic_border_ideology_gdp;
HUN;SVN;55.0;1;1;1.435364;heuristic_border_ideology_gdp;
HUN;SWE;-40.0;0;0;2.393485;heuristic_border_ideology_gdp;
HUN;TUR;-40.0;0;0;1.524914;heuristic_border_ideology_gdp;
HUN;UKR;40.0;1;1;4.649365;heuristic_border_ideology_gdp;
IRL;ISL;30.0;0;1;1.229938;heuristic_border_ideology_gdp;
IRL;ITA;15.0;0;1;3.062611;heuristic_border_ideology_gdp;
IRL;KOS;5.0;0;1;23.658427;heuristic_border_ideology_gdp;
IRL;LTU;15.0;0;1;3.865091;heuristic_border_ideology_gdp;
IRL;LUX;-35.0;0;0;1.144968;heuristic_border_ideology_gdp;
IRL;LVA;15.0;0;1;5.025492;heuristic_border_ideology_gdp;
IRL;MDA;5.0;0;1;18.525451;heuristic_border_ideology_gdp;
IRL;MKD;5.0;0;1;16.61691;heuristic_border_ideology_gdp;
IRL;MNE;5.0;0;1;10.802834;heuristic_border_ideology_gdp;
IRL;NLD;-40.0;0;0;1.779396;heuristic_border_ideology_gdp;
IRL;NOR;-35.0;0;0;1.423468;heuristic_border_ideology_gdp;
IRL;POL;15.0;0;1;4.631943;heuristic_border_ideology_gdp;
IRL;PRT;15.0;0;1;4.084494;heuristic_border_ideology_gdp;
IRL;ROU;5.0;0;1;6.000914;heuristic_border_ideology_gdp;
IRL;RUS;-60.0;0;0;8.060873;heuristic_border_ideology_gdp;
IRL;SRB;5.0;0;1;8.2719;heuristic_border_ideology_gdp;
IRL;SVK;15.0;0;1;4.548104;heuristic_border_ideology_gdp;
IRL;SVN;15.0;0;1;3.473297;heuristic_border_ideology_gdp;
IRL;SWE;-40.0;0;0;2.082923;heuristic_border_ideology_gdp;
IRL;TUR;-60.0;0;0;7.602374;heuristic_border_ideology_gdp;
IRL;UKR;5.0;0;1;23.179149;heuristic_border_ideology_gdp;
ISL;ITA;25.0;0;1;2.490052;heuristic_border_ideology_gdp;
ISL;KOS;5.0;0;1;19.235457;heuristic_border_ideology_gdp;
ISL;LTU;15.0;0;1;3.142508;heuristic_border_ideology_gdp;
ISL;LUX;-35.0;0;0;1.40824;heuristic_border_ideology_gdp;
ISL;LVA;15.0;0;1;4.085971;heuristic_border_ideology_gdp;
ISL;MDA;5.0;0;1;15.062097;heuristic_border_ideology_gdp;
ISL;MKD;5.0;0;1;13.51036;heuristic_border_ideology_gdp;
ISL;MNE;5.0;0;1;8.783231;heuristic_border_ideology_gdp;
ISL;NLD;-35.0;0;0;1.446736;heuristic_border_ideology_gdp;
ISL;NOR;-35.0;0;0;1.157349;heuristic_border_ideology_gdp;
ISL;POL;15.0;0;1;3.765996;heuristic_border_ideology_gdp;
ISL;PRT;15.0;0;1;3.320893;heuristic_border_ideology_gdp;
ISL;ROU;15.0;0;1;4.879036;heuristic_border_ideology_gdp;
ISL;RUS;-60.0;0;0;6.553884;heuristic_border_ideology_gdp;
ISL;SRB;5.0;0;1;6.725459;heuristic_border_ideology_gdp;
ISL;SVK;15.0;0;1;3.697831;heuristic_border_ideology_gdp;
ISL;SVN;25.0;0;1;2.82396;heuristic_border_ideology_gdp;
ISL;SWE;-40.0;0;0;1.693518;heuristic_border_ideology_gdp;
ISL;TUR;-60.0;0;0;6.181102;heuristic_border_ideology_gdp;
ISL;UKR;5.0;0;1;18.845781;heuristic_border_ideology_gdp;
ITA;KOS;5.0;0;1;7.724922;heuristic_border_ideology_gdp;
ITA;LTU;30.0;0;1;1.262025;heuristic_border_ideology_gdp;
ITA;LUX;-50.0;0;0;3.506591;heuristic_border_ideology_gdp;
ITA;LVA;25.0;0;1;1.640918;heuristic_border_ideology_gdp;
ITA;MDA;5.0;0;1;6.048908;heuristic_border_ideology_gdp;
ITA;MKD;15.0;0;1;5.425734;heuristic_border_ideology_gdp;
ITA;MNE;15.0;0;1;3.527329;heuristic_border_ideology_gdp;
ITA;NLD;-40.0;0;0;1.721151;heuristic_border_ideology_gdp;
ITA;NOR;-40.0;0;0;2.151514;heuristic_border_ideology_gdp;
ITA;POL;25.0;0;1;1.512417;heuristic_border_ideology_gdp;
ITA;PRT;30.0;0;1;1.333664;heuristic_border_ideology_gdp;
ITA;ROU;25.0;0;1;1.959411;heuristic_border_ideology_gdp;
ITA;RUS;-40.0;0;0;2.632027;heuristic_border_ideology_gdp;
ITA;SRB;25.0;0;1;2.700931;heuristic_border_ideology_gdp;
ITA;SVK;30.0;0;1;1.485041;heuristic_border_ideology_gdp;
ITA;SVN;55.0;1;1;1.134097;heuristic_border_ideology_gdp;
ITA;SWE;-35.0;0;0;1.470343;heuristic_border_ideology_gdp;
ITA;TUR;-40.0;0;0;2.482318;heuristic_border_ideology_gdp;
ITA;UKR;5.0;0;1;7.568429;heuristic_border_ideology_gdp;
KOS;LTU;5.0;0;1;6.121053;heuristic_border_ideology_gdp;
KOS;LUX;-60.0;0;0;27.088138;heuristic_border_ideology_gdp;
KOS;LVA;15.0;0;1;4.707684;heuristic_border_ideology_gdp;
KOS;MDA;30.0;0;1;1.277077;heuristic_border_ideology_gdp;
KOS;MKD;55.0;1;1;1.423756;heuristic_border_ideology_gdp;
KOS;MNE;50.0;1;1;2.190021;heuristic_border_ideology_gdp;
KOS;NLD;-60.0;0;0;13.29576;heuristic_border_ideology_gdp;
KOS;NOR;-60.0;0;0;16.620275;heuristic_border_ideology_gdp;
KOS;POL;15.0;0;1;5.107668;heuristic_border_ideology_gdp;
KOS;PRT;15.0;0;1;5.792254;heuristic_border_ideology_gdp;
KOS;ROU;15.0;0;1;3.942471;heuristic_border_ideology_gdp;
KOS;RUS;-40.0;0;0;2.934971;heuristic_border_ideology_gdp;
KOS;SRB;50.0;1;1;2.860096;heuristic_border_ideology_gdp;
KOS;SVK;15.0;0;1;5.201822;heuristic_border_ideology_gdp;
KOS;SVN;5.0;0;1;6.811519;heuristic_border_ideology_gdp;
KOS;SWE;-60.0;0;0;11.358284;heuristic_border_ideology_gdp;
KOS;TUR;-50.0;0;0;3.111979;heuristic_border_ideology_gdp;
KOS;UKR;30.0;0;1;1.020677;heuristic_border_ideology_gdp;
LTU;LUX;-50.0;0;0;4.425405;heuristic_border_ideology_gdp;
LTU;LVA;55.0;1;1;1.300226;heuristic_border_ideology_gdp;
LTU;MDA;15.0;0;1;4.793018;heuristic_border_ideology_gdp;
LTU;MKD;15.0;0;1;4.299228;heuristic_border_ideology_gdp;
LTU;MNE;25.0;0;1;2.794975;heuristic_border_ideology_gdp;
LTU;NLD;-40.0;0;0;2.172136;heuristic_border_ideology_gdp;
LTU;NOR;-40.0;0;0;2.715264;heuristic_border_ideology_gdp;
LTU;POL;55.0;1;1;1.198405;heuristic_border_ideology_gdp;
LTU;PRT;30.0;0;1;1.056765;heuristic_border_ideology_gdp;
LTU;ROU;25.0;0;1;1.552593;heuristic_border_ideology_gdp;
LTU;RUS;-5.0;1;0;2.085558;heuristic_border_ideology_gdp;
LTU;SRB;25.0;0;1;2.140157;heuristic_border_ideology_gdp;
LTU;SVK;30.0;0;1;1.176713;heuristic_border_ideology_gdp;
LTU;SVN;30.0;0;1;1.112802;heuristic_border_ideology_gdp;
LTU;SWE;-40.0;0;0;1.85561;heuristic_border_ideology_gdp;
LTU;TUR;-40.0;0;0;1.966933;heuristic_border_ideology_gdp;
LTU;UKR;15.0;0;1;5.997051;heuristic_border_ideology_gdp;
LUX;LVA;-50.0;0;0;5.754027;heuristic_border_ideology_gdp;
LUX;MDA;-60.0;0;0;21.211046;heuristic_border_ideology_gdp;
LUX;MKD;-60.0;0;0;19.025828;heuristic_border_ideology_gdp;
LUX;MNE;-60.0;0;0;12.368897;heuristic_border_ideology_gdp;
LUX;NLD;25.0;0;1;2.037352;heuristic_border_ideology_gdp;
LUX;NOR;25.0;0;1;1.629825;heuristic_border_ideology_gdp;
LUX;POL;-50.0;0;0;5.303426;heuristic_border_ideology_gdp;
LUX;PRT;-50.0;0;0;4.676614;heuristic_border_ideology_gdp;
LUX;ROU;-60.0;0;0;6.870853;heuristic_border_ideology_gdp;
LUX;RUS;-60.0;0;0;9.229441;heuristic_border_ideology_gdp;
LUX;SRB;-60.0;0;0;9.47106;heuristic_border_ideology_gdp;
LUX;SVK;-50.0;0;0;5.207433;heuristic_border_ideology_gdp;
LUX;SVN;-50.0;0;0;3.976813;heuristic_border_ideology_gdp;
LUX;SWE;25.0;0;1;2.384879;heuristic_border_ideology_gdp;
LUX;TUR;-60.0;0;0;8.704474;heuristic_border_ideology_gdp;
LUX;UKR;-60.0;0;0;26.539381;heuristic_border_ideology_gdp;
LVA;MDA;15.0;0;1;3.686296;heuristic_border_ideology_gdp;
LVA;MKD;15.0;0;1;3.306524;heuristic_border_ideology_gdp;
LVA;MNE;25.0;0;1;2.149607;heuristic_border_ideology_gdp;
LVA;NLD;-40.0;0;0;2.824268;heuristic_border_ideology_gdp;
LVA;NOR;-50.0;0;0;3.530457;heuristic_border_ideology_gdp;
LVA;POL;30.0;0;1;1.084964;heuristic_border_ideology_gdp;
LVA;PRT;30.0;0;1;1.230383;heuristic_border_ideology_gdp;
LVA;ROU;30.0;0;1;1.194095;heuristic_border_ideology_gdp;
LVA;RUS;-5.0;1;0;1.603997;heuristic_border_ideology_gdp;
LVA;SRB;25.0;0;1;1.645988;heuristic_border_ideology_gdp;
LVA;SVK;30.0;0;1;1.104964;heuristic_border_ideology_gdp;
LVA;SVN;30.0;0;1;1.446894;heuristic_border_ideology_gdp;
LVA;SWE;-40.0;0;0;2.412712;heuristic_border_ideology_gdp;
LVA;TUR;-40.0;0;0;1.512762;heuristic_border_ideology_gdp;
LVA;UKR;15.0;0;1;4.612314;heuristic_border_ideology_gdp;
MDA;MKD;30.0;0;1;1.114855;heuristic_border_ideology_gdp;
MDA;MNE;25.0;0;1;1.71487;heuristic_border_ideology_gdp;
MDA;NLD;-60.0;0;0;10.411087;heuristic_border_ideology_gdp;
MDA;NOR;-60.0;0;0;13.014309;heuristic_border_ideology_gdp;
MDA;POL;15.0;0;1;3.999499;heuristic_border_ideology_gdp;
MDA;PRT;15.0;0;1;4.535556;heuristic_border_ideology_gdp;
MDA;ROU;40.0;1;1;3.087105;heuristic_border_ideology_gdp;
MDA;RUS;-40.0;0;0;2.298194;heuristic_border_ideology_gdp;
MDA;SRB;25.0;0;1;2.239564;heuristic_border_ideology_gdp;
MDA;SVK;15.0;0;1;4.073225;heuristic_border_ideology_gdp;
MDA;SVN;15.0;0;1;5.33368;heuristic_border_ideology_gdp;
MDA;SWE;-60.0;0;0;8.89397;heuristic_border_ideology_gdp;
MDA;TUR;-40.0;0;0;2.436798;heuristic_border_ideology_gdp;
MDA;UKR;55.0;1;1;1.251206;heuristic_border_ideology_gdp;
MKD;MNE;25.0;0;1;1.538199;heuristic_border_ideology_gdp;
MKD;NLD;-60.0;0;0;9.33851;heuristic_border_ideology_gdp;
MKD;NOR;-60.0;0;0;11.673541;heuristic_border_ideology_gdp;
MKD;POL;15.0;0;1;3.58746;heuristic_border_ideology_gdp;
MKD;PRT;15.0;0;1;4.068291;heuristic_border_ideology_gdp;
MKD;ROU;25.0;0;1;2.769063;heuristic_border_ideology_gdp;
MKD;RUS;-40.0;0;0;2.061428;heuristic_border_ideology_gdp;
MKD;SRB;50.0;1;1;2.008838;heuristic_border_ideology_gdp;
MKD;SVK;15.0;0;1;3.653591;heuristic_border_ideology_gdp;
MKD;SVN;15.0;0;1;4.78419;heuristic_border_ideology_gdp;
MKD;SWE;-60.0;0;0;7.977689;heuristic_border_ideology_gdp;
MKD;TUR;-40.0;0;0;2.185753;heuristic_border_ideology_gdp;
MKD;UKR;30.0;0;1;1.394913;heuristic_border_ideology_gdp;
MNE;NLD;-60.0;0;0;6.071066;heuristic_border_ideology_gdp;
MNE;NOR;-60.0;0;0;7.589096;heuristic_border_ideology_gdp;
MNE;POL;25.0;0;1;2.332246;heuristic_border_ideology_gdp;
MNE;PRT;25.0;0;1;2.64484;heuristic_border_ideology_gdp;
MNE;ROU;25.0;0;1;1.800198;heuristic_border_ideology_gdp;
MNE;RUS;-35.0;0;0;1.340157;heuristic_border_ideology_gdp;
MNE;SRB;55.0;1;1;1.305968;heuristic_border_ideology_gdp;
MNE;SVK;25.0;0;1;2.375239;heuristic_border_ideology_gdp;
MNE;SVN;15.0;0;1;3.110254;heuristic_border_ideology_gdp;
MNE;SWE;-50.0;0;0;5.186382;heuristic_border_ideology_gdp;
MNE;TUR;-35.0;0;0;1.420982;heuristic_border_ideology_gdp;
MNE;UKR;25.0;0;1;2.145655;heuristic_border_ideology_gdp;
NLD;NOR;30.0;0;1;1.250043;heuristic_border_ideology_gdp;
NLD;POL;-40.0;0;0;2.603098;heuristic_border_ideology_gdp;
NLD;PRT;-40.0;0;0;2.295438;heuristic_border_ideology_gdp;
NLD;ROU;-50.0;0;0;3.372443;heuristic_border_ideology_gdp;
NLD;RUS;-50.0;0;0;4.530117;heuristic_border_ideology_gdp;
NLD;SRB;-50.0;0;0;4.648712;heuristic_border_ideology_gdp;
NLD;SVK;-40.0;0;0;2.555981;heuristic_border_ideology_gdp;
NLD;SVN;-40.0;0;0;1.951952;heuristic_border_ideology_gdp;
NLD;SWE;30.0;0;1;1.170578;heuristic_border_ideology_gdp;
NLD;TUR;-50.0;0;0;4.272446;heuristic_border_ideology_gdp;
NLD;UKR;-60.0;0;0;13.026412;heuristic_border_ideology_gdp;
NOR;POL;-50.0;0;0;3.253985;heuristic_border_ideology_gdp;
NOR;PRT;-40.0;0;0;2.869397;heuristic_border_ideology_gdp;
NOR;ROU;-50.0;0;0;4.2157;heuristic_border_ideology_gdp;
NOR;RUS;-15.0;1;0;5.662842;heuristic_border_ideology_gdp;
NOR;SRB;-50.0;0;0;5.811091;heuristic_border_ideology_gdp;
NOR;SVK;-50.0;0;0;3.195087;heuristic_border_ideology_gdp;
NOR;SVN;-40.0;0;0;2.440025;heuristic_border_ideology_gdp;
NOR;SWE;55.0;1;1;1.463273;heuristic_border_ideology_gdp;
NOR;TUR;-50.0;0;0;5.340742;heuristic_border_ideology_gdp;
NOR;UKR;-60.0;0;0;16.283578;heuristic_border_ideology_gdp;
POL;PRT;30.0;0;1;1.134031;heuristic_border_ideology_gdp;
POL;ROU;30.0;0;1;1.29555;heuristic_border_ideology_gdp;
POL;RUS;-5.0;1;0;1.740279;heuristic_border_ideology_gdp;
POL;SRB;25.0;0;1;1.785838;heuristic_border_ideology_gdp;
POL;SVK;55.0;1;1;1.018434;heuristic_border_ideology_gdp;
POL;SVN;30.0;0;1;1.333587;heuristic_border_ideology_gdp;
POL;SWE;-40.0;0;0;2.223771;heuristic_border_ideology_gdp;
POL;TUR;-40.0;0;0;1.641293;heuristic_border_ideology_gdp;
POL;UKR;40.0;1;1;5.004195;heuristic_border_ideology_gdp;
PRT;ROU;30.0;0;1;1.469194;heuristic_border_ideology_gdp;
PRT;RUS;-40.0;0;0;1.97353;heuristic_border_ideology_gdp;
PRT;SRB;25.0;0;1;2.025196;heuristic_border_ideology_gdp;
PRT;SVK;30.0;0;1;1.113505;heuristic_border_ideology_gdp;
PRT;SVN;30.0;0;1;1.17597;heuristic_border_ideology_gdp;
PRT;SWE;-40.0;0;0;1.960944;heuristic_border_ideology_gdp;
PRT;TUR;-40.0;0;0;1.861277;heuristic_border_ideology_gdp;
PRT;UKR;15.0;0;1;5.674913;heuristic_border_ideology_gdp;
ROU;RUS;-35.0;0;0;1.343274;heuristic_border_ideology_gdp;
ROU;SRB;55.0;1;1;1.37844;heuristic_border_ideology_gdp;
ROU;SVK;30.0;0;1;1.319432;heuristic_border_ideology_gdp;
ROU;SVN;25.0;0;1;1.727729;heuristic_border_ideology_gdp;
ROU;SWE;-40.0;0;0;2.881006;heuristic_border_ideology_gdp;
ROU;TUR;-35.0;0;0;1.266869;heuristic_border_ideology_gdp;
ROU;UKR;40.0;1;1;3.862603;heuristic_border_ideology_gdp;
RUS;SRB;-35.0;0;0;1.026179;heuristic_border_ideology_gdp;
RUS;SVK;-40.0;0;0;1.772359;heuristic_border_ideology_gdp;
RUS;SVN;-40.0;0;0;2.320813;heuristic_border_ideology_gdp;
RUS;SWE;-50.0;0;0;3.869982;heuristic_border_ideology_gdp;
RUS;TUR;30.0;0;1;1.06031;heuristic_border_ideology_gdp;
RUS;UKR;-5.0;1;0;2.875513;heuristic_border_ideology_gdp;
SRB;SVK;25.0;0;1;1.818758;heuristic_border_ideology_gdp;
SRB;SVN;25.0;0;1;2.38157;heuristic_border_ideology_gdp;
SRB;SWE;-50.0;0;0;3.971295;heuristic_border_ideology_gdp;
SRB;TUR;-35.0;0;0;1.088068;heuristic_border_ideology_gdp;
SRB;UKR;25.0;0;1;2.802155;heuristic_border_ideology_gdp;
SVK;SVN;30.0;0;1;1.309449;heuristic_border_ideology_gdp;
SVK;SWE;-40.0;0;0;2.18352;heuristic_border_ideology_gdp;
SVK;TUR;-40.0;0;0;1.671548;heuristic_border_ideology_gdp;
SVK;UKR;40.0;1;1;5.096443;heuristic_border_ideology_gdp;
SVN;SWE;-40.0;0;0;1.667511;heuristic_border_ideology_gdp;
SVN;TUR;-40.0;0;0;2.188806;heuristic_border_ideology_gdp;
SVN;UKR;5.0;0;1;6.67353;heuristic_border_ideology_gdp;
SWE;TUR;-50.0;0;0;3.649859;heuristic_border_ideology_gdp;
SWE;UKR;-60.0;0;0;11.128185;heuristic_border_ideology_gdp;
TUR;UKR;-50.0;0;0;3.048936;heuristic_border_ideology_gdp;
